case_id,f,M_W_kg,M_matter_kg,mass_relative_error,mu_m,alpha,r0_m,A_throat_W,A_throat_total,bprime_throat_W,flare_out_OK,horizon,g_surface_m_s2,relative_g_surface,g_100km_m_s2,relative_g_100km,g_0_1R_m_s2,Pmax_Pa,P_throat_Pa,P_near_1_001r0_Pa,P_throat_rho_c2_ratio,P_throat_to_PREM_center,Ricci_throat_W_m2,Ricci2_throat_W_m4,Kretsch_throat_W_m4,Ricci_throat_total_m2,Ricci2_throat_total_m4,Kretsch_throat_total_m4,NEC_min_W_Pa,r_NEC_min_over_r0,NEC_min_exotic_composed_near_isolated_min_Pa,NEC_negative_radial_width_m,NEC_negative_proper_volume_one_mouth_J,negative_energy_density_volume_one_mouth_J,NEC_budget_over_MW_c2,proper_distance_throat_to_2r0_m,pressure_resolution_change_rel,regular_throat,numerically_valid,physical_EOS_verified,dynamic_stability,mathematical_status
0,0.0,0.0,5.972199999999999e+24,1.7978999765580521e-16,0.0,,0.0,,,,,False,9.820302300221863,0.0,0.3658220012971751,0.0,2.321440956810125,363970907559.4692,,,,,,,,,,,,,,não aplicável,0.0,0.0,,,0.0,,True,False,não calculada,referência PREM GR
1,1e-10,597220000000000.0,5.972199999402779e+24,3.5957999531161043e-16,4.43505143592305e-13,1.001,4.4394864873589725e-13,0.3335554815061646,0.33355548067669694,0.9980019980019983,True,False,9.82030230022186,-3.617723334973341e-16,0.36582598728603877,1.0895979054042053e-05,2.3214410547810034,8.603181869482139e+20,8.603181869482139e+20,8.596401638528253e+20,0.731473939481434,2363700419.6761155,1.0123974530385204e+25,5.138449505491868e+49,1.0297456179824539e+50,1.0123974530385204e+25,5.138449505491868e+49,1.029745617982454e+50,-4.676069266019682e+66,1.2934336713522536,-4.676040119257267e+66,infinita (analítico; cauda em todo r>=r0),8.845305960081182e+31,0.0,1.6479237420541393,3.816317283343519e-12,1.172035357654977e-09,True,True,False,não calculada,garganta regular; fonte exótica requerida
2,1e-10,597220000000000.0,5.972199999402779e+24,3.5957999531161043e-16,4.43505143592305e-13,1.005,4.4572266931026645e-13,0.33444259567387685,0.3344425948422031,0.9900497512437814,True,False,9.82030230022186,-3.617723334973341e-16,0.36582598728603877,1.0895979054042053e-05,2.3214410547810034,8.576155207249397e+20,8.576155207249397e+20,8.569392989428149e+20,0.7291760339629485,2356274918.991469,9.9501747992854e+24,5.017289069571885e+49,1.0135000850207208e+50,9.950174799285401e+24,5.017289069571886e+49,1.013500085020721e+50,-4.6766144143532135e+66,1.2882441440051804,-4.676279139396203e+66,infinita (analítico; cauda em todo r>=r0),8.845845902494247e+31,0.0,1.6480243359652882,3.10959035596212e-12,1.209750744024518e-09,True,True,False,não calculada,garganta regular; fonte exótica requerida
3,1e-10,597220000000000.0,5.972199999402779e+24,3.5957999531161043e-16,4.43505143592305e-13,1.01,4.47940195028228e-13,0.3355481727574751,0.3355481719230521,0.9801980198019802,True,False,9.82030230022186,-3.617723334973341e-16,0.36582598728603877,1.0895979054042053e-05,2.3214410547810034,8.54262302882204e+20,8.54262302882204e+20,8.535883176712218e+20,0.7263250057008748,2347062045.728548,9.737419562746314e+24,4.871106237704549e+49,9.937329481504844e+49,9.737419562746314e+24,4.87110623770455e+49,9.937329481504848e+49,-4.678318455566576e+66,1.2817413930331996,-4.675943299227797e+66,infinita (analítico; cauda em todo r>=r0),8.847303222005764e+31,0.0,1.6482958417146232,2.8109564195378897e-12,1.3545269350601075e-09,True,True,False,não calculada,garganta regular; fonte exótica requerida
4,1e-10,597220000000000.0,5.972199999402779e+24,3.5957999531161043e-16,4.43505143592305e-13,1.1,4.878556579515355e-13,0.3548387096774194,0.35483870879502577,0.8181818181818181,True,False,9.82030230022186,-3.617723334973341e-16,0.36582598728603877,1.0895979054042053e-05,2.3214410547810034,7.983003639673878e+20,7.983003639673878e+20,7.976639862537541e+20,0.6787441216279173,2193308166.6340423,6.628957038612137e+24,2.998180482670551e+49,7.184252813217764e+49,6.628957038612137e+24,2.9981804826705504e+49,7.184252813217762e+49,-4.9093982159487585e+66,1.1616280601081206,-4.9087976849265e+66,infinita (analítico; cauda em todo r>=r0),8.965726299395059e+31,0.0,1.6703586399623778,1.9390662480507735e-12,2.4808253229480215e-09,True,True,False,não calculada,garganta regular; fonte exótica requerida
5,1e-10,597220000000000.0,5.972199999402779e+24,3.5957999531161043e-16,4.43505143592305e-13,1.2042013330037094,5.340694851078552e-13,0.37581949692120525,0.3758194959866377,0.6608518402909287,True,False,9.82030230022186,-3.617723334973341e-16,0.36582598728603877,1.0895979054042053e-05,2.3214410547810034,7.423955102888135e+20,7.423955102888135e+20,7.41797263518678e+20,0.6312117735074406,2039711127.6469634,4.2627280789161285e+24,1.8876657365572162e+49,5.213176305225434e+49,4.262728078916129e+24,1.8876657365572178e+49,5.213176305225438e+49,-5.738715238284779e+66,1.0171166888182965,-5.7386635407625306e+66,infinita (analítico; cauda em todo r>=r0),9.243419568616357e+31,0.0,1.722094253566207,1.779553574152844e-12,3.766839951069301e-09,True,True,False,não calculada,garganta regular; fonte exótica requerida
6,1e-10,597220000000000.0,5.972199999402779e+24,3.5957999531161043e-16,4.43505143592305e-13,1.2163649828320298,5.394641263715709e-13,0.3781800228906275,0.3781800219501899,0.6442433218880192,True,False,9.82030230022186,-3.617723334973341e-16,0.36582598728603877,1.0895979054042053e-05,2.3214410547810034,7.363985651407317e+20,7.363985651407317e+20,7.358044441008334e+20,0.6261129517472241,2023234686.7459772,4.0473922456599785e+24,1.7991899108808205e+49,5.036228125950597e+49,4.04739224565998e+24,1.799189910880822e+49,5.036228125950601e+49,-5.8866084514008666e+66,1.0,-5.886608451400868e+66,infinita (analítico; cauda em todo r>=r0),9.28294386054375e+31,0.0,1.7294578223730948,1.7713884000907444e-12,3.918842583772175e-09,True,True,False,não calculada,garganta regular; fonte exótica requerida
7,1e-10,597220000000000.0,5.972199999402779e+24,3.5957999531161043e-16,4.43505143592305e-13,1.2285286326603502,5.448587676352867e-13,0.3805227620509056,0.3805227611046423,0.6279636850376427,True,False,9.82030230022186,-3.617723334973341e-16,0.36582598728603877,1.0895979054042053e-05,2.3214410547810034,7.305020659253692e+20,7.305020659253692e+20,7.299120084375357e+20,0.6210995327870714,2007034218.266504,3.8423862926267084e+24,1.7167964968932753e+49,4.86778886885705e+49,3.84238629262671e+24,1.7167964968932755e+49,4.867788868857051e+49,-6.034685961962504e+66,1.0,-6.034685961962504e+66,infinita (analítico; cauda em todo r>=r0),9.32374021856576e+31,0.0,1.7370583833121072,1.7644748014289804e-12,4.070286552249058e-09,True,True,False,não calculada,garganta regular; fonte exótica requerida
8,1e-10,597220000000000.0,5.972199999402779e+24,3.5957999531161043e-16,4.43505143592305e-13,1.5,6.652577153884575e-13,0.42857142857142855,0.4285714275056804,0.33333333333333326,True,False,9.82030230022186,-3.617723334973341e-16,0.36582598728603877,1.0895979054042053e-05,2.3214410547810034,6.204452818990938e+20,6.204452818990938e+20,6.199324154595806e+20,0.5275252359749516,1704656248.6528387,1.0759717408004379e+24,7.548303019247337e+48,2.514557386166444e+49,1.0759717408004383e+24,7.548303019247338e+48,2.5145573861664447e+49,-7.253809221737349e+66,1.0,-7.253809221737347e+66,infinita (analítico; cauda em todo r>=r0),1.0488551201677554e+32,0.0,1.9540683638303766,1.7739889710793737e-12,7.075597885375373e-09,True,True,False,não calculada,garganta regular; fonte exótica requerida
9,1e-10,597220000000000.0,5.972199999402779e+24,3.5957999531161043e-16,4.43505143592305e-13,1.99,8.825752357486869e-13,0.49874686716791977,0.49874686592766315,0.005025125628140614,True,False,9.82030230022186,-3.617723334973341e-16,0.36582598728603877,1.0895979054042053e-05,2.3214410547810034,4.892628043626978e+20,4.892628043626978e+20,4.888457783701826e+20,0.4159891030764169,1344236020.5197365,-3.072344186290008e+23,2.924153861835477e+48,9.958258622192576e+48,-3.072344186290005e+23,2.924153861835479e+48,9.958258622192584e+48,-6.151001989094969e+66,1.0,-6.15100198909497e+66,infinita (analítico; cauda em todo r>=r0),1.3317063393974518e+32,0.0,2.4810340128889417,2.02994916745418e-12,1.09094036027102e-08,True,True,False,não calculada,garganta regular; fonte exótica requerida
10,1e-10,597220000000000.0,5.972199999402779e+24,3.5957999531161043e-16,4.43505143592305e-13,2.0,8.8701028718461e-13,0.5,0.49999999875662715,0.0,True,False,9.82030230022186,-3.617723334973341e-16,0.36582598728603877,1.0895979054042053e-05,2.3214410547810034,4.871745200036227e+20,4.871745200036227e+20,4.867590583192315e+20,0.41421356745475507,1338498517.0113447,-3.177479047051294e+23,2.8774663319182497e+48,9.793481901616499e+48,-3.177479047051296e+23,2.8774663319182513e+48,9.793481901616503e+48,-6.1204015308408856e+66,1.0,-6.1204015308408856e+66,infinita (analítico; cauda em todo r>=r0),1.3380759777667674e+32,0.0,2.492900960560922,2.036209416640064e-12,1.0953301377014668e-08,True,True,False,não calculada,garganta regular; fonte exótica requerida
11,1e-10,597220000000000.0,5.972199999402779e+24,3.5957999531161043e-16,4.43505143592305e-13,2.01,8.914453386205329e-13,0.5012468827930174,0.5012468815465438,-0.004975124378109319,True,False,9.82030230022186,-3.617723334973341e-16,0.36582598728603877,1.0895979054042053e-05,2.3214410547810034,4.8510442855001594e+20,4.8510442855001594e+20,4.846905188378435e+20,0.4124535001056875,1332810998.0074568,-3.2789197475674474e+23,2.831762657508697e+48,9.632116717259547e+48,-3.278919747567442e+23,2.831762657508697e+48,9.63211671725955e+48,-6.089801034331617e+66,1.0,-6.089801034331617e+66,infinita (analítico; cauda em todo r>=r0),1.3444637017417154e+32,5.358670753289003e+29,2.50480160260034,2.0424931879501356e-12,1.0992801335873992e-08,True,True,False,não calculada,garganta regular; fonte exótica requerida
12,1e-10,597220000000000.0,5.972199999402779e+24,3.5957999531161043e-16,4.43505143592305e-13,5.0,2.2175257179615247e-12,0.7142857142857143,0.7142857125094674,-0.6,True,False,9.82030230022186,-3.617723334973341e-16,0.36582598728603877,1.0895979054042053e-05,2.3214410547810034,2.1548822617309436e+20,2.1548822617309436e+20,2.152896084199108e+20,0.1832159590509594,592047940.3642604,-2.9051237001611844e+23,1.2538083260386684e+47,3.79315841447778e+47,-2.905123700161182e+23,1.2538083260386672e+47,3.793158414477777e+47,-1.5668227918952674e+66,1.0,-1.5668227918952667e+66,infinita (analítico; cauda em todo r>=r0),3.597047236483175e+32,1.370077197277342e+32,6.701474848967748,4.218990038381543e-12,1.1187360593467588e-08,True,True,False,não calculada,garganta regular; fonte exótica requerida
13,1e-10,597220000000000.0,5.972199999402779e+24,3.5957999531161043e-16,4.43505143592305e-13,10.0,4.4350514359230494e-12,0.8333333333333334,0.8333333312610453,-0.8,True,False,9.82030230022186,-3.617723334973341e-16,0.36582598728603877,1.0895979054042053e-05,2.3214410547810034,1.1225713479418146e+20,1.1225713479418146e+20,1.1214987222469856e+20,0.09544511538698995,308423372.48022985,-8.896941331743626e+22,9.152967992504596e+45,2.714551255666206e+46,-8.896941331743622e+22,9.152967992504589e+45,2.714551255666204e+46,-4.40668910220544e+65,1.0,-4.406689102205437e+65,infinita (analítico; cauda em todo r>=r0),7.706791446918329e+32,3.5033340372840654e+32,14.358129224418516,8.03279008432027e-12,4.0432390768785353e-10,True,True,False,não calculada,garganta regular; fonte exótica requerida
14,1e-10,597220000000000.0,5.972199999402779e+24,3.5957999531161043e-16,4.43505143592305e-13,100.0,4.43505143592305e-11,0.9803921568627451,0.9803921544247591,-0.98,True,False,9.82030230022186,-3.617723334973341e-16,0.36582598728603877,1.0895979054042053e-05,2.3214410547810034,1.1703206941850837e+19,1.1703206941850837e+19,1.1691573121674721e+19,0.0099504939174759,32154237.327165086,-1.006326305254363e+21,1.0233292713995178e+42,3.060555238856606e+42,-1.0063263052543628e+21,1.023329271399518e+42,3.0605552388566064e+42,-4.8473580124259824e+63,1.0,-4.847358012425982e+63,infinita (analítico; cauda em todo r>=r0),8.34826380689454e+33,4.1464541794512887e+33,155.53223590455113,7.714751358533729e-11,2.3031158868924706e-08,True,True,False,não calculada,garganta regular; fonte exótica requerida
15,1e-09,5972200000000001.0,5.972199994027799e+24,1.7978999765580521e-16,4.43505143592305e-12,1.001,4.439486487358973e-12,0.3335554815061646,0.33355548067669694,0.9980019980019983,True,False,9.820302300221861,-1.8088616674866705e-16,0.3658618611858131,0.00010895979054466936,2.321441936518913,8.603181855749694e+20,8.603181855749694e+20,8.596401624803903e+20,0.7314739389721779,2363700415.903164,1.01239745303852e+23,5.1384495054918655e+45,1.0297456179824534e+46,1.0123974530385204e+23,5.1384495054918687e+45,1.0297456179824542e+46,-4.6760692660196804e+64,1.2934336713522536,-4.67592465677022e+64,infinita (analítico; cauda em todo r>=r0),8.845305960081182e+32,0.0,1.6479237420541393,3.81631728334352e-11,5.457472251890749e-10,True,True,False,não calculada,garganta regular; fonte exótica requerida
16,1e-09,5972200000000001.0,5.972199994027799e+24,1.7978999765580521e-16,4.43505143592305e-12,1.005,4.457226693102665e-12,0.33444259567387685,0.3344425948422032,0.9900497512437814,True,False,9.820302300221861,-1.8088616674866705e-16,0.3658618611858131,0.00010895979054466936,2.321441936518913,8.576155194233702e+20,8.576155194233702e+20,8.569392976420299e+20,0.7291760335125651,2356274915.415443,9.950174799285397e+22,5.0172890695718815e+45,1.0135000850207202e+46,9.9501747992854e+22,5.0172890695718865e+45,1.013500085020721e+46,-4.6766144143532123e+64,1.2882441440051804,-4.6764530101359586e+64,infinita (analítico; cauda em todo r>=r0),8.845845902494248e+32,0.0,1.6480243359652882,3.1095903559621206e-11,7.157578973959744e-10,True,True,False,não calculada,garganta regular; fonte exótica requerida
17,1e-09,5972200000000001.0,5.972199994027799e+24,1.7978999765580521e-16,4.43505143592305e-12,1.01,4.479401950282281e-12,0.3355481727574751,0.3355481719230521,0.9801980198019802,True,False,9.820302300221861,-1.8088616674866705e-16,0.3658618611858131,0.00010895979054466936,2.321441936518913,8.542623014948164e+20,8.542623014948164e+20,8.535883162846472e+20,0.7263250051749598,2347062041.916739,9.73741956274631e+22,4.871106237704546e+45,9.937329481504837e+45,9.737419562746315e+22,4.87110623770455e+45,9.937329481504846e+45,-4.678318455566574e+64,1.2817413930331996,-4.67653017073433e+64,infinita (analítico; cauda em todo r>=r0),8.847303222005766e+32,0.0,1.6482958417146232,2.81095641953789e-11,7.202489715751881e-10,True,True,False,não calculada,garganta regular; fonte exótica requerida
18,1e-09,5972200000000001.0,5.972199994027799e+24,1.7978999765580521e-16,4.43505143592305e-12,1.1,4.878556579515356e-12,0.3548387096774194,0.35483870879502566,0.8181818181818181,True,False,9.820302300221861,-1.8088616674866705e-16,0.3658618611858131,0.00010895979054466936,2.321441936518913,7.98300362543827e+20,7.98300362543827e+20,7.976639848309947e+20,0.6787441210284236,2193308162.7228484,6.628957038612134e+22,2.9981804826705485e+45,7.184252813217758e+45,6.628957038612141e+22,2.9981804826705536e+45,7.184252813217768e+45,-4.9093982159487564e+64,1.1616280601081206,-4.908978463086614e+64,infinita (analítico; cauda em todo r>=r0),8.96572629939506e+32,0.0,1.6703586399623778,1.939066248050774e-11,1.6338086439304789e-09,True,True,False,não calculada,garganta regular; fonte exótica requerida
19,1e-09,5972200000000001.0,5.972199994027799e+24,1.7978999765580521e-16,4.43505143592305e-12,1.2042013330037094,5.340694851078552e-12,0.37581949692120525,0.3758194959866378,0.6608518402909287,True,False,9.820302300221861,-1.8088616674866705e-16,0.3658618611858131,0.00010895979054466936,2.321441936518913,7.423955087990021e+20,7.423955087990021e+20,7.417972620296611e+20,0.6312117728088391,2039711123.5537477,4.262728078916129e+22,1.8876657365572164e+45,5.213176305225435e+45,4.262728078916128e+22,1.887665736557216e+45,5.213176305225435e+45,-5.73871523828478e+64,1.0171166888182965,-5.73866354076253e+64,infinita (analítico; cauda em todo r>=r0),9.243419568616357e+32,0.0,1.722094253566207,1.779553574152844e-11,2.684299227340148e-09,True,True,False,não calculada,garganta regular; fonte exótica requerida
20,1e-09,5972200000000001.0,5.972199994027799e+24,1.7978999765580521e-16,4.43505143592305e-12,1.2163649828320298,5.3946412637157096e-12,0.3781800228906275,0.3781800219501899,0.6442433218880192,True,False,9.820302300221861,-1.8088616674866705e-16,0.3658618611858131,0.00010895979054466936,2.321441936518913,7.363985635624216e+20,7.363985635624216e+20,7.358044425233423e+20,0.626112950968789,2023234682.409614,4.047392245659978e+22,1.7991899108808204e+45,5.0362281259505953e+45,4.047392245659981e+22,1.7991899108808216e+45,5.036228125950598e+45,-5.886608451400866e+64,1.0,-5.886608451400867e+64,infinita (analítico; cauda em todo r>=r0),9.28294386054375e+32,0.0,1.7294578223730948,1.7713884000907445e-11,2.6516495665873663e-09,True,True,False,não calculada,garganta regular; fonte exótica requerida
21,1e-09,5972200000000001.0,5.972199994027799e+24,1.7978999765580521e-16,4.43505143592305e-12,1.2285286326603502,5.448587676352868e-12,0.3805227620509056,0.3805227611046423,0.6279636850376427,True,False,9.820302300221861,-1.8088616674866705e-16,0.3658618611858131,0.00010895979054466936,2.321441936518913,7.305020644670125e+20,7.305020644670125e+20,7.299120069799573e+20,0.6210995321061129,2007034214.2597091,3.842386292626708e+22,1.7167964968932745e+45,4.867788868857048e+45,3.8423862926267094e+22,1.7167964968932758e+45,4.867788868857052e+45,-6.034685961962503e+64,1.0,-6.034685961962506e+64,infinita (analítico; cauda em todo r>=r0),9.32374021856576e+32,0.0,1.7370583833121072,1.7644748014289804e-11,2.9615041530206554e-09,True,True,False,não calculada,garganta regular; fonte exótica requerida
22,1e-09,5972200000000001.0,5.972199994027799e+24,1.7978999765580521e-16,4.43505143592305e-12,1.5,6.652577153884575e-12,0.42857142857142855,0.4285714275056804,0.33333333333333326,True,False,9.820302300221861,-1.8088616674866705e-16,0.3658618611858131,0.00010895979054466936,2.321441936518913,6.204452803149814e+20,6.204452803149814e+20,6.199324138762223e+20,0.527525235102854,1704656244.3005333,1.0759717408004379e+22,7.548303019247336e+44,2.5145573861664442e+45,1.0759717408004379e+22,7.54830301924734e+44,2.5145573861664454e+45,-7.253809221737348e+64,1.0,-7.253809221737349e+64,infinita (analítico; cauda em todo r>=r0),1.0488551201677555e+33,0.0,1.9540683638303766,1.7739889710793737e-11,5.4199982280067616e-09,True,True,False,não calculada,garganta regular; fonte exótica requerida
23,1e-09,5972200000000001.0,5.972199994027799e+24,1.7978999765580521e-16,4.43505143592305e-12,1.99,8.82575235748687e-12,0.49874686716791977,0.49874686592766315,0.005025125628140614,True,False,9.820302300221861,-1.8088616674866705e-16,0.36586186118581304,0.00010895979054451761,2.321441936518913,4.892628028476758e+20,4.892628028476758e+20,4.8884577685580494e+20,0.41598910216268015,1344236016.3572557,-3.0723441862900067e+21,2.9241538618354754e+44,9.958258622192571e+44,-3.072344186290008e+21,2.9241538618354794e+44,9.958258622192585e+44,-6.151001989094968e+64,1.0,-6.151001989094972e+64,infinita (analítico; cauda em todo r>=r0),1.3317063393974523e+33,0.0,2.4810340128889417,2.02994916745418e-11,8.767112369412189e-09,True,True,False,não calculada,garganta regular; fonte exótica requerida
24,1e-09,5972200000000001.0,5.972199994027799e+24,1.7978999765580521e-16,4.43505143592305e-12,2.0,8.8701028718461e-12,0.5,0.49999999875662715,0.0,True,False,9.820302300221861,-1.8088616674866705e-16,0.3658618611858131,0.00010895979054466936,2.321441936518913,4.871745184707993e+20,4.871745184707993e+20,4.867590567870552e+20,0.4142135665242849,1338498512.799955,-3.1774790470512935e+21,2.8774663319182487e+44,9.793481901616496e+44,-3.1774790470512924e+21,2.877466331918249e+44,9.793481901616497e+44,-6.120401530840884e+64,1.0,-6.120401530840884e+64,infinita (analítico; cauda em todo r>=r0),1.3380759777667676e+33,0.0,2.492900960560922,2.0362094166400643e-11,8.74501360215163e-09,True,True,False,não calculada,garganta regular; fonte exótica requerida
25,1e-09,5972200000000001.0,5.972199994027799e+24,1.7978999765580521e-16,4.43505143592305e-12,2.01,8.91445338620533e-12,0.5012468827930174,0.5012468815465438,-0.004975124378109319,True,False,9.820302300221861,-1.8088616674866705e-16,0.36586186118581304,0.00010895979054451761,2.321441936518913,4.851044271660919e+20,4.851044271660919e+20,4.8469051745452805e+20,0.4124534993002329,1332810994.205164,-3.278919747567446e+21,2.8317626575086954e+44,9.632116717259541e+44,-3.278919747567444e+21,2.831762657508698e+44,9.632116717259551e+44,-6.089801034331616e+64,1.0,-6.089801034331617e+64,infinita (analítico; cauda em todo r>=r0),1.3444637017417155e+33,5.358670753289004e+30,2.50480160260034,2.0424931879501362e-11,9.09251141045786e-09,True,True,False,não calculada,garganta regular; fonte exótica requerida
26,1e-09,5972200000000001.0,5.972199994027799e+24,1.7978999765580521e-16,4.43505143592305e-12,5.0,2.2175257179615252e-11,0.7142857142857143,0.7142857125094674,-0.6,True,False,9.820302300221861,-1.8088616674866705e-16,0.3658618611858131,0.00010895979054466936,2.321441936518913,2.1548822575067582e+20,2.1548822575067582e+20,2.1528960799770323e+20,0.1832159588566981,592047939.2036772,-2.9051237001611827e+21,1.2538083260386674e+43,3.793158414477777e+43,-2.905123700161182e+21,1.2538083260386674e+43,3.7931584144777786e+43,-1.5668227918952666e+64,1.0,-1.5668227918952672e+64,infinita (analítico; cauda em todo r>=r0),3.5970472364831765e+33,1.3700771972773426e+33,6.701474848967748,4.2189900383815435e-11,1.0146210538408695e-08,True,True,False,não calculada,garganta regular; fonte exótica requerida
27,1e-09,5972200000000001.0,5.972199994027799e+24,1.7978999765580521e-16,4.43505143592305e-12,10.0,4.4350514359230504e-11,0.8333333333333334,0.8333333312610453,-0.8,True,False,9.820302300221861,-1.8088616674866705e-16,0.3658618611858131,0.00010895979054466936,2.321441936518913,1.1225713474553527e+20,1.1225713474553527e+20,1.121498721761445e+20,0.0954451154315298,308423372.34657574,-8.89694133174362e+20,9.152967992504589e+41,2.7145512556662038e+42,-8.896941331743624e+20,9.152967992504593e+41,2.7145512556662053e+42,-4.406689102205438e+63,1.0,-4.4066891022054385e+63,infinita (analítico; cauda em todo r>=r0),7.706791446918331e+33,3.5033340372840665e+33,14.358129224418516,8.032790084320271e-11,9.218630303564623e-10,True,True,False,não calculada,garganta regular; fonte exótica requerida
28,1e-09,5972200000000001.0,5.972199994027799e+24,1.7978999765580521e-16,4.43505143592305e-12,100.0,4.43505143592305e-10,0.9803921568627451,0.9803921544247591,-0.98,True,False,9.820302300221861,-1.8088616674866705e-16,0.36586186118581304,0.00010895979054451761,2.321441936518913,1.1703206983186657e+19,1.1703206983186657e+19,1.1691573163020507e+19,0.00995049396157657,32154237.44073411,-1.0063263052543627e+19,1.0233292713995177e+38,3.0605552388566057e+38,-1.0063263052543627e+19,1.0233292713995179e+38,3.060555238856607e+38,-4.847358012425981e+61,1.0,-4.847358012425982e+61,infinita (analítico; cauda em todo r>=r0),8.34826380689454e+34,4.146454179451289e+34,155.53223590455113,7.714751358533729e-10,1.9101779713537326e-08,True,True,False,não calculada,garganta regular; fonte exótica requerida
29,1e-08,5.9722e+16,5.972199940277999e+24,1.7978999765580521e-16,4.43505143592305e-11,1.001,4.439486487358972e-11,0.3335554815061646,0.33355548067669694,0.9980019980019983,True,False,9.82030230022186,-3.617723334973341e-16,0.3662206001835546,0.0010895979054460867,2.321450753898008,8.603181772088506e+20,8.603181772088506e+20,8.596401541205822e+20,0.7314739384422636,2363700392.9174843,1.0123974530385205e+21,5.1384495054918695e+41,1.0297456179824542e+42,1.0123974530385204e+21,5.1384495054918695e+41,1.0297456179824542e+42,-4.676069266019683e+62,1.2934336713522536,-4.675731118530735e+62,infinita (analítico; cauda em todo r>=r0),8.845305960081181e+33,0.0,1.6479237420541393,3.816317283343519e-10,1.927953352520717e-10,True,True,False,não calculada,garganta regular; fonte exótica requerida
30,1e-08,5.9722e+16,5.972199940277999e+24,1.7978999765580521e-16,4.43505143592305e-11,1.005,4.457226693102665e-11,0.33444259567387685,0.3344425948422032,0.9900497512437814,True,False,9.82030230022186,-3.617723334973341e-16,0.3662206001835546,0.0010895979054460867,2.3214507538980076,8.576155109924827e+20,8.576155109924827e+20,8.569392892174664e+20,0.7291760329069009,2356274892.251813,9.950174799285399e+20,5.017289069571884e+41,1.0135000850207206e+42,9.950174799285396e+20,5.017289069571883e+41,1.0135000850207204e+42,-4.676614414353213e+62,1.2882441440051804,-4.676584868695102e+62,infinita (analítico; cauda em todo r>=r0),8.845845902494247e+33,0.0,1.6480243359652882,3.10959035596212e-10,1.786407688442182e-10,True,True,False,não calculada,garganta regular; fonte exótica requerida
31,1e-08,5.9722e+16,5.972199940277999e+24,1.7978999765580521e-16,4.43505143592305e-11,1.01,4.4794019502822804e-11,0.3355481727574751,0.3355481719230521,0.9801980198019802,True,False,9.82030230022186,-3.617723334973341e-16,0.3662206001835546,0.0010895979054460867,2.321450753898008,8.542622930714007e+20,8.542622930714007e+20,8.535883078675413e+20,0.726325004549989,2347062018.7736373,9.737419562746313e+20,4.871106237704549e+41,9.937329481504842e+41,9.737419562746316e+20,4.871106237704552e+41,9.937329481504852e+41,-4.678318455566576e+62,1.2817413930331996,-4.677086413177225e+62,infinita (analítico; cauda em todo r>=r0),8.847303222005765e+33,0.0,1.6482958417146232,2.81095641953789e-10,1.8362000808735957e-10,True,True,False,não calculada,garganta regular; fonte exótica requerida
32,1e-08,5.9722e+16,5.972199940277999e+24,1.7978999765580521e-16,4.43505143592305e-11,1.1,4.878556579515355e-11,0.3548387096774194,0.35483870879502577,0.8181818181818181,True,False,9.82030230022186,-3.617723334973341e-16,0.3662206001835546,0.0010895979054460867,2.3214507538980076,7.98300354528339e+20,7.98300354528339e+20,7.97663976821501e+20,0.6787441203220601,2193308140.7005167,6.628957038612137e+20,2.9981804826705504e+41,7.184252813217763e+41,6.628957038612137e+20,2.9981804826705504e+41,7.184252813217763e+41,-4.909398215948759e+62,1.1616280601081206,-4.909141794941041e+62,infinita (analítico; cauda em todo r>=r0),8.965726299395059e+33,0.0,1.6703586399623778,1.9390662480507736e-10,6.252285356111997e-10,True,True,False,não calculada,garganta regular; fonte exótica requerida
33,1e-08,5.9722e+16,5.972199940277999e+24,1.7978999765580521e-16,4.43505143592305e-11,1.2042013330037094,5.3406948510785517e-11,0.37581949692120525,0.3758194959866377,0.6608518402909287,True,False,9.82030230022186,-3.617723334973341e-16,0.3662206001835546,0.0010895979054460867,2.321450753898008,7.423955012088248e+20,7.423955012088248e+20,7.417972544451525e+20,0.6312117720362992,2039711102.6999457,4.262728078916129e+20,1.8876657365572174e+41,5.2131763052254374e+41,4.26272807891613e+20,1.8876657365572174e+41,5.213176305225437e+41,-5.73871523828478e+62,1.0171166888182965,-5.738663540762529e+62,infinita (analítico; cauda em todo r>=r0),9.243419568616355e+33,0.0,1.722094253566207,1.7795535741528437e-10,1.5146170984081664e-09,True,True,False,não calculada,garganta regular; fonte exótica requerida
34,1e-08,5.9722e+16,5.972199940277999e+24,1.7978999765580521e-16,4.43505143592305e-11,1.2163649828320298,5.394641263715709e-11,0.3781800228906275,0.3781800219501899,0.6442433218880192,True,False,9.82030230022186,-3.617723334973341e-16,0.3662206001835546,0.0010895979054460867,2.321450753898008,7.363985561635787e+20,7.363985561635787e+20,7.358044351300851e+20,0.626112950313039,2023234662.0814977,4.047392245659979e+20,1.799189910880821e+41,5.036228125950598e+41,4.04739224565998e+20,1.7991899108808228e+41,5.0362281259506026e+41,-5.886608451400867e+62,1.0,-5.886608451400869e+62,infinita (analítico; cauda em todo r>=r0),9.282943860543751e+33,0.0,1.7294578223730948,1.7713884000907443e-10,1.7096710713815355e-09,True,True,False,não calculada,garganta regular; fonte exótica requerida
35,1e-08,5.9722e+16,5.972199940277999e+24,1.7978999765580521e-16,4.43505143592305e-11,1.2285286326603502,5.448587676352867e-11,0.3805227620509056,0.38052276110464234,0.6279636850376427,True,False,9.82030230022186,-3.617723334973341e-16,0.3662206001835546,0.0010895979054460867,2.321450753898008,7.305020569462958e+20,7.305020569462958e+20,7.299119994648434e+20,0.6210995313016207,2007034193.596748,3.842386292626709e+20,1.7167964968932753e+41,4.8677888688570504e+41,3.8423862926267076e+20,1.7167964968932743e+41,4.867788868857049e+41,-6.034685961962505e+62,1.0,-6.034685961962504e+62,infinita (analítico; cauda em todo r>=r0),9.323740218565759e+33,0.0,1.7370583833121072,1.7644748014289802e-10,1.7600911839110722e-09,True,True,False,não calculada,garganta regular; fonte exótica requerida
36,1e-08,5.9722e+16,5.972199940277999e+24,1.7978999765580521e-16,4.43505143592305e-11,1.5,6.652577153884574e-11,0.42857142857142855,0.4285714275056804,0.33333333333333326,True,False,9.82030230022186,-3.617723334973341e-16,0.3662206001835546,0.0010895979054460867,2.3214507538980076,6.204452737509002e+20,6.204452737509002e+20,6.199324073170369e+20,0.5275252342695596,1704656226.265902,1.0759717408004383e+20,7.54830301924734e+40,2.5145573861664454e+41,1.0759717408004378e+20,7.548303019247342e+40,2.5145573861664454e+41,-7.253809221737351e+62,1.0,-7.25380922173735e+62,infinita (analítico; cauda em todo r>=r0),1.0488551201677552e+34,0.0,1.9540683638303766,1.7739889710793736e-10,3.967196127163675e-09,True,True,False,não calculada,garganta regular; fonte exótica requerida
37,1e-08,5.9722e+16,5.972199940277999e+24,1.7978999765580521e-16,4.43505143592305e-11,1.99,8.82575235748687e-11,0.49874686716791977,0.49874686592766315,0.005025125628140614,True,False,9.82030230022186,-3.617723334973341e-16,0.3662206001835546,0.0010895979054460867,2.3214507538980076,4.892627975395238e+20,4.892627975395238e+20,4.888457715516332e+20,0.4159891013933974,1344236001.7732549,-3.0723441862900077e+19,2.924153861835477e+40,9.958258622192576e+40,-3.072344186289999e+19,2.924153861835478e+40,9.958258622192582e+40,-6.151001989094969e+62,1.0,-6.15100198909497e+62,infinita (analítico; cauda em todo r>=r0),1.331706339397452e+34,0.0,2.4810340128889417,2.0299491674541798e-10,7.050952488540929e-09,True,True,False,não calculada,garganta regular; fonte exótica requerida
38,1e-08,5.9722e+16,5.972199940277999e+24,1.7978999765580521e-16,4.43505143592305e-11,2.0,8.8701028718461e-11,0.5,0.49999999875662715,0.0,True,False,9.82030230022186,-3.617723334973341e-16,0.3662206001835546,0.0010895979054460867,2.321450753898008,4.871745132837336e+20,4.871745132837336e+20,4.867590516039287e+20,0.4142135658419743,1338498498.5486352,-3.1774790470512943e+19,2.87746633191825e+40,9.7934819016165e+40,-3.1774790470512935e+19,2.8774663319182504e+40,9.793481901616501e+40,-6.120401530840886e+62,1.0,-6.120401530840886e+62,infinita (analítico; cauda em todo r>=r0),1.3380759777667674e+34,0.0,2.492900960560922,2.036209416640064e-10,7.227760168149189e-09,True,True,False,não calculada,garganta regular; fonte exótica requerida
39,1e-08,5.9722e+16,5.972199940277999e+24,1.7978999765580521e-16,4.43505143592305e-11,2.01,8.91445338620533e-11,0.5012468827930174,0.5012468815465438,-0.004975124378109319,True,False,9.82030230022186,-3.617723334973341e-16,0.3662206001835546,0.0010895979054460867,2.3214507538980076,4.851044218446108e+20,4.851044218446108e+20,4.846905121370093e+20,0.4124534984877968,1332810979.5845416,-3.278919747567447e+19,2.8317626575086966e+40,9.632116717259546e+40,-3.278919747567449e+19,2.8317626575086966e+40,9.632116717259546e+40,-6.089801034331616e+62,1.0,-6.089801034331616e+62,infinita (analítico; cauda em todo r>=r0),1.3444637017417155e+34,5.358670753289003e+31,2.50480160260034,2.042493187950136e-10,7.243225352837612e-09,True,True,False,não calculada,garganta regular; fonte exótica requerida
40,1e-08,5.9722e+16,5.972199940277999e+24,1.7978999765580521e-16,4.43505143592305e-11,5.0,2.217525717961525e-10,0.7142857142857143,0.7142857125094674,-0.6,True,False,9.82030230022186,-3.617723334973341e-16,0.3662206001835546,0.0010895979054460867,2.321450753898008,2.154882235282944e+20,2.154882235282944e+20,2.1528960577714992e+20,0.18321595861609188,592047933.0977458,-2.9051237001611833e+19,1.2538083260386677e+39,3.7931584144777784e+39,-2.9051237001611837e+19,1.2538083260386684e+39,3.793158414477781e+39,-1.566822791895267e+62,1.0,-1.5668227918952676e+62,infinita (analítico; cauda em todo r>=r0),3.5970472364831756e+34,1.3700771972773422e+34,6.701474848967748,4.218990038381543e-10,8.936716699992076e-09,True,True,False,não calculada,garganta regular; fonte exótica requerida
41,1e-08,5.9722e+16,5.972199940277999e+24,1.7978999765580521e-16,4.43505143592305e-11,10.0,4.43505143592305e-10,0.8333333333333334,0.8333333312610453,-0.8,True,False,9.82030230022186,-3.617723334973341e-16,0.3662206001835546,0.0010895979054460867,2.321450753898008,1.1225713378190046e+20,1.1225713378190046e+20,1.1214987121347115e+20,0.09544511547121833,308423369.6990158,-8.896941331743623e+18,9.15296799250459e+37,2.7145512556662046e+38,-8.896941331743627e+18,9.1529679925046e+37,2.7145512556662072e+38,-4.4066891022054386e+61,1.0,-4.4066891022054403e+61,infinita (analítico; cauda em todo r>=r0),7.70679144691833e+34,3.503334037284066e+34,14.358129224418516,8.03279008432027e-10,1.2474985489063783e-09,True,True,False,não calculada,garganta regular; fonte exótica requerida
42,1e-08,5.9722e+16,5.972199940277999e+24,1.7978999765580521e-16,4.43505143592305e-11,100.0,4.43505143592305e-09,0.9803921568627451,0.9803921544247591,-0.98,True,False,9.82030230022186,-3.617723334973341e-16,0.3662206001835546,0.0010895979054460867,2.3214507538980076,1.1703206941940842e+19,1.1703206941940842e+19,1.1691573121878761e+19,0.009950494016062317,32154237.327412374,-1.0063263052543629e+17,1.0233292713995177e+34,3.060555238856606e+34,-1.0063263052543629e+17,1.0233292713995178e+34,3.060555238856606e+34,-4.847358012425982e+59,1.0,-4.847358012425981e+59,infinita (analítico; cauda em todo r>=r0),8.34826380689454e+35,4.146454179451289e+35,155.53223590455113,7.714751358533729e-09,1.3997705550217177e-08,True,True,False,não calculada,garganta regular; fonte exótica requerida
43,1e-07,5.9722e+17,5.972199402779999e+24,1.7978999765580521e-16,4.435051435923049e-10,1.001,4.4394864873589715e-10,0.3335554815061646,0.333555480676697,0.9980019980019983,True,False,9.82030230022186,-3.617723334973341e-16,0.3698079901609716,0.010895979054464962,2.321538927688959,8.603180994807144e+20,8.603180994807144e+20,8.596400764535671e+20,0.7314739381876182,2363700179.3615804,1.0123974530385207e+19,5.138449505491872e+37,1.0297456179824548e+38,1.0123974530385205e+19,5.13844950549187e+37,1.0297456179824546e+38,-4.676069266019684e+60,1.2934336713522536,-4.675360831059476e+60,infinita (analítico; cauda em todo r>=r0),8.84530596008118e+34,0.0,1.6479237420541393,3.8163172833435184e-09,4.4528591924830607e-10,True,True,False,não calculada,garganta regular; fonte exótica requerida
44,1e-07,5.9722e+17,5.972199402779999e+24,1.7978999765580521e-16,4.435051435923049e-10,1.005,4.457226693102664e-10,0.33444259567387685,0.33444259484220323,0.9900497512437814,True,False,9.82030230022186,-3.617723334973341e-16,0.3698079901609716,0.010895979054464962,2.321538927688959,8.576154335245469e+20,8.576154335245469e+20,8.569392118104845e+20,0.7291760326666757,2356274679.410802,9.950174799285402e+18,5.017289069571888e+37,1.0135000850207214e+38,9.950174799285404e+18,5.017289069571888e+37,1.0135000850207214e+38,-4.676614414353215e+60,1.2882441440051804,-4.6766070240346115e+60,infinita (analítico; cauda em todo r>=r0),8.845845902494247e+34,0.0,1.6480243359652882,3.1095903559621197e-09,4.1018299867801034e-10,True,True,False,não calculada,garganta regular; fonte exótica requerida
45,1e-07,5.9722e+17,5.972199402779999e+24,1.7978999765580521e-16,4.435051435923049e-10,1.01,4.4794019502822795e-10,0.3355481727574751,0.33554817192305214,0.9801980198019802,True,False,9.82030230022186,-3.617723334973341e-16,0.3698079901609716,0.010895979054464962,2.321538927688959,8.542622159433164e+20,8.542622159433164e+20,8.53588230800196e+20,0.7263250043421257,2347061806.8663597,9.737419562746317e+18,4.8711062377045525e+37,9.937329481504851e+37,9.737419562746319e+18,4.871106237704553e+37,9.937329481504851e+37,-4.6783184555665775e+60,1.2817413930331996,-4.6775874330012466e+60,infinita (analítico; cauda em todo r>=r0),8.847303222005762e+34,0.0,1.6482958417146232,2.810956419537889e-09,3.6900082989177463e-10,True,True,False,não calculada,garganta regular; fonte exótica requerida
46,1e-07,5.9722e+17,5.972199402779999e+24,1.7978999765580521e-16,4.435051435923049e-10,1.1,4.878556579515354e-10,0.3548387096774194,0.3548387087950258,0.8181818181818181,True,False,9.82030230022186,-3.617723334973341e-16,0.3698079901609716,0.010895979054464962,2.321538927688959,7.983002823351971e+20,7.983002823351971e+20,7.976639046857445e+20,0.6787441200277853,2193307942.3518567,6.628957038612139e+18,2.998180482670552e+37,7.184252813217767e+37,6.62895703861214e+18,2.9981804826705534e+37,7.184252813217769e+37,-4.90939821594876e+60,1.1616280601081206,-4.9092772386712164e+60,infinita (analítico; cauda em todo r>=r0),8.965726299395056e+34,0.0,1.6703586399623778,1.9390662480507733e-09,3.234148504560608e-10,True,True,False,não calculada,garganta regular; fonte exótica requerida
47,1e-07,5.9722e+17,5.972199402779999e+24,1.7978999765580521e-16,4.435051435923049e-10,1.2042013330037094,5.340694851078551e-10,0.37581949692120525,0.3758194959866379,0.6608518402909287,True,False,9.820302300221858,-5.426585002460011e-16,0.3698079901609716,0.010895979054464962,2.321538927688959,7.423954339339107e+20,7.423954339339107e+20,7.417971872242231e+20,0.6312117716457698,2039710917.86398,4.2627280789161303e+18,1.8876657365572177e+37,5.213176305225439e+37,4.2627280789161293e+18,1.887665736557218e+37,5.2131763052254395e+37,-5.7387152382847815e+60,1.0171166888182965,-5.738663540762532e+60,infinita (analítico; cauda em todo r>=r0),9.243419568616355e+34,0.0,1.722094253566207,1.7795535741528434e-09,1.0594858323997869e-09,True,True,False,não calculada,garganta regular; fonte exótica requerida
48,1e-07,5.9722e+17,5.972199402779999e+24,1.7978999765580521e-16,4.435051435923049e-10,1.2163649828320298,5.394641263715708e-10,0.3781800228906275,0.37818002195019007,0.6442433218880192,True,False,9.820302300221858,-5.426585002460011e-16,0.36980799016097154,0.010895979054464811,2.3215389276889584,7.363984894018476e+20,7.363984894018476e+20,7.358043684219784e+20,0.6261129498999427,2023234478.6554885,4.0473922456599803e+18,1.7991899108808224e+37,5.036228125950602e+37,4.0473922456599813e+18,1.7991899108808227e+37,5.036228125950602e+37,-5.886608451400869e+60,1.0,-5.886608451400869e+60,infinita (analítico; cauda em todo r>=r0),9.282943860543749e+34,0.0,1.7294578223730948,1.771388400090744e-09,1.2138521299220884e-09,True,True,False,não calculada,garganta regular; fonte exótica requerida
49,1e-07,5.9722e+17,5.972199402779999e+24,1.7978999765580521e-16,4.435051435923049e-10,1.2285286326603502,5.448587676352866e-10,0.3805227620509056,0.38052276110464245,0.6279636850376427,True,False,9.82030230022186,-3.617723334973341e-16,0.3698079901609716,0.010895979054464962,2.321538927688959,7.305019907210647e+20,7.305019907210647e+20,7.299119332928667e+20,0.6210995308934685,2007034011.6447577,3.842386292626711e+18,1.716796496893277e+37,4.867788868857055e+37,3.8423862926267105e+18,1.7167964968932757e+37,4.867788868857053e+37,-6.034685961962508e+60,1.0,-6.034685961962505e+60,infinita (analítico; cauda em todo r>=r0),9.323740218565757e+34,0.0,1.7370583833121072,1.7644748014289798e-09,1.27274346617412e-09,True,True,False,não calculada,garganta regular; fonte exótica requerida
50,1e-07,5.9722e+17,5.972199402779999e+24,1.7978999765580521e-16,4.435051435923049e-10,1.5,6.652577153884573e-10,0.42857142857142855,0.4285714275056805,0.33333333333333326,True,False,9.82030230022186,-3.617723334973341e-16,0.36980799016097154,0.010895979054464811,2.321538927688959,6.204452172308587e+20,6.204452172308587e+20,6.199323508433475e+20,0.5275252336914273,1704656070.9786518,1.0759717408004383e+18,7.548303019247343e+36,2.5145573861664463e+37,1.075971740800437e+18,7.54830301924734e+36,2.514557386166445e+37,-7.25380922173735e+60,1.0,-7.253809221737349e+60,infinita (analítico; cauda em todo r>=r0),1.048855120167755e+35,0.0,1.9540683638303766,1.7739889710793733e-09,3.085777633415887e-09,True,True,False,não calculada,garganta regular; fonte exótica requerida
51,1e-07,5.9722e+17,5.972199402779999e+24,1.7978999765580521e-16,4.435051435923049e-10,1.99,8.825752357486867e-10,0.49874686716791977,0.49874686592766326,0.005025125628140614,True,False,9.820302300221858,-5.426585002460011e-16,0.3698079901609716,0.010895979054464962,2.321538927688959,4.8926275277877504e+20,4.8926275277877504e+20,4.8884572682859866e+20,0.41598910077519324,1344235878.7943358,-3.072344186290009e+17,2.92415386183548e+36,9.958258622192588e+36,-3.072344186290007e+17,2.9241538618354814e+36,9.958258622192594e+36,-6.1510019890949724e+60,1.0,-6.151001989094974e+60,infinita (analítico; cauda em todo r>=r0),1.3317063393974515e+35,0.0,2.4810340128889417,2.029949167454179e-09,5.7884292914422986e-09,True,True,False,não calculada,garganta regular; fonte exótica requerida
52,1e-07,5.9722e+17,5.972199402779999e+24,1.7978999765580521e-16,4.435051435923049e-10,2.0,8.870102871846098e-10,0.5,0.49999999875662726,0.0,True,False,9.820302300221858,-5.426585002460011e-16,0.3698079901609716,0.010895979054464962,2.321538927688959,4.8717446861541985e+20,4.8717446861541985e+20,4.8675900697321216e+20,0.4142135651425636,1338498375.823679,-3.1774790470512954e+17,2.877466331918252e+36,9.793481901616507e+36,-3.177479047051295e+17,2.877466331918252e+36,9.793481901616507e+36,-6.120401530840888e+60,1.0,-6.120401530840888e+60,infinita (analítico; cauda em todo r>=r0),1.338075977766767e+35,0.0,2.492900960560922,2.0362094166400637e-09,5.776055855832851e-09,True,True,False,não calculada,garganta regular; fonte exótica requerida
53,1e-07,5.9722e+17,5.972199402779999e+24,1.7978999765580521e-16,4.435051435923049e-10,2.01,8.914453386205328e-10,0.5012468827930174,0.501246881546544,-0.004975124378109319,True,False,9.82030230022186,-3.617723334973341e-16,0.3698079901609716,0.010895979054464962,2.321538927688959,4.851043773496158e+20,4.851043773496158e+20,4.846904676794764e+20,0.4124534977773419,1332810857.3357737,-3.2789197475674477e+17,2.831762657508699e+36,9.632116717259552e+36,-3.278919747567447e+17,2.831762657508699e+36,9.632116717259554e+36,-6.089801034331618e+60,1.0,-6.089801034331618e+60,infinita (analítico; cauda em todo r>=r0),1.3444637017417155e+35,5.3586707532890025e+32,2.50480160260034,2.0424931879501356e-09,5.749100528973372e-09,True,True,False,não calculada,garganta regular; fonte exótica requerida
54,1e-07,5.9722e+17,5.972199402779999e+24,1.7978999765580521e-16,4.435051435923049e-10,5.0,2.2175257179615245e-09,0.7142857142857143,0.7142857125094676,-0.6,True,False,9.820302300221858,-5.426585002460011e-16,0.3698079901609716,0.010895979054464962,2.321538927688959,2.1548820366972092e+20,2.1548820366972092e+20,2.1528958593651848e+20,0.18321595822104375,592047878.5368644,-2.9051237001611846e+17,1.2538083260386686e+35,3.793158414477782e+35,-2.9051237001611834e+17,1.2538083260386685e+35,3.793158414477781e+35,-1.5668227918952675e+60,1.0,-1.5668227918952675e+60,infinita (analítico; cauda em todo r>=r0),3.597047236483175e+35,1.3700771972773422e+35,6.701474848967748,4.218990038381542e-09,6.892020953941369e-09,True,True,False,não calculada,garganta regular; fonte exótica requerida
55,1e-07,5.9722e+17,5.972199402779999e+24,1.7978999765580521e-16,4.435051435923049e-10,10.0,4.435051435923049e-09,0.8333333333333334,0.8333333312610455,-0.8,True,False,9.820302300221858,-5.426585002460011e-16,0.3698079901609716,0.010895979054464962,2.321538927688959,1.1225712369284519e+20,1.1225712369284519e+20,1.1214986113406833e+20,0.0954451154831955,308423341.9796155,-8.896941331743626e+16,9.152967992504598e+33,2.714551255666207e+34,-8.896941331743624e+16,9.152967992504596e+33,2.7145512556662064e+34,-4.40668910220544e+59,1.0,-4.40668910220544e+59,infinita (analítico; cauda em todo r>=r0),7.70679144691833e+35,3.503334037284065e+35,14.358129224418516,8.032790084320268e-09,1.3398135934039601e-09,True,True,False,não calculada,garganta regular; fonte exótica requerida
56,1e-07,5.9722e+17,5.972199402779999e+24,1.7978999765580521e-16,4.435051435923049e-10,100.0,4.435051435923049e-08,0.9803921568627451,0.9803921544247594,-0.98,True,False,9.820302300221858,-5.426585002460011e-16,0.3698079901609716,0.010895979054464962,2.321538927688959,1.1703205929027254e+19,1.1703205929027254e+19,1.1691572110011826e+19,0.00995049405039066,32154234.54446031,-1006326305254363.1,1.0233292713995182e+30,3.060555238856607e+30,-1006326305254363.4,1.0233292713995186e+30,3.060555238856608e+30,-4.847358012425983e+57,1.0,-4.8473580124259826e+57,infinita (analítico; cauda em todo r>=r0),8.348263806894538e+36,4.146454179451288e+36,155.53223590455113,7.714751358533728e-08,1.0504805247890658e-08,True,True,False,não calculada,garganta regular; fonte exótica requerida
57,1e-06,5.9722e+18,5.972194027799999e+24,1.7978999765580521e-16,4.435051435923049e-09,1.001,4.439486487358972e-09,0.3335554815061646,0.33355548067669777,0.9980019980019983,True,False,9.820302300221833,-3.0750648347273395e-15,0.4056818899351357,0.10895979054463825,2.3224206655984707,8.60317324835727e+20,8.60317324835727e+20,8.596393024189193e+20,0.7314739378827058,2363698051.045906,1.0123974530385205e+17,5.138449505491871e+33,1.0297456179824545e+34,1.01239745303852e+17,5.138449505491866e+33,1.0297456179824538e+34,-4.676069266019683e+58,1.2934336713522536,-4.674946813797163e+58,infinita (analítico; cauda em todo r>=r0),8.84530596008118e+35,0.0,1.6479237420541393,3.816317283343519e-08,8.227567516172485e-10,True,True,False,não calculada,garganta regular; fonte exótica requerida
58,1e-06,5.9722e+18,5.972194027799999e+24,1.7978999765580521e-16,4.435051435923049e-09,1.005,4.457226693102664e-09,0.33444259567387685,0.334442594842204,0.9900497512437814,True,False,9.820302300221833,-3.0750648347273395e-15,0.4056818899351357,0.10895979054463825,2.322420665598471,8.576146613037345e+20,8.576146613037345e+20,8.569384401983924e+20,0.7291760323547706,2356272557.7554817,9.950174799285403e+16,5.0172890695718887e+33,1.0135000850207215e+34,9.9501747992854e+16,5.017289069571885e+33,1.0135000850207209e+34,-4.6766144143532157e+58,1.2882441440051804,-4.676472090765177e+58,infinita (analítico; cauda em todo r>=r0),8.845845902494245e+35,0.0,1.6480243359652882,3.1095903559621197e-08,7.959087833242506e-10,True,True,False,não calculada,garganta regular; fonte exótica requerida
59,1e-06,5.9722e+18,5.972194027799999e+24,1.7978999765580521e-16,4.435051435923049e-09,1.01,4.479401950282279e-09,0.3355481727574751,0.33554817192305286,0.9801980198019802,True,False,9.820302300221833,-3.0750648347273395e-15,0.4056818899351356,0.10895979054463795,2.3224206655984716,8.542614467249443e+20,8.542614467249443e+20,8.535874621885389e+20,0.7263250040170793,2347059693.4601607,9.737419562746317e+16,4.8711062377045534e+33,9.937329481504853e+33,9.73741956274632e+16,4.871106237704555e+33,9.937329481504856e+33,-4.678318455566578e+58,1.2817413930331996,-4.677997013593881e+58,infinita (analítico; cauda em todo r>=r0),8.847303222005763e+35,0.0,1.6482958417146232,2.810956419537889e-08,7.734468621123369e-10,True,True,False,não calculada,garganta regular; fonte exótica requerida
60,1e-06,5.9722e+18,5.972194027799999e+24,1.7978999765580521e-16,4.435051435923049e-09,1.1,4.878556579515354e-09,0.3548387096774194,0.3548387087950266,0.8181818181818181,True,False,9.820302300221833,-3.0750648347273395e-15,0.4056818899351357,0.10895979054463825,2.322420665598471,7.982995633090231e+20,7.982995633090231e+20,7.976631862324906e+20,0.6787441195551827,2193305966.847334,6.62895703861214e+16,2.998180482670553e+33,7.184252813217768e+33,6.628957038612137e+16,2.998180482670551e+33,7.184252813217764e+33,-4.909398215948761e+58,1.1616280601081206,-4.9093696840929785e+58,infinita (analítico; cauda em todo r>=r0),8.965726299395056e+35,0.0,1.6703586399623778,1.9390662480507732e-08,3.1866864702578823e-10,True,True,False,não calculada,garganta regular; fonte exótica requerida
61,1e-06,5.9722e+18,5.972194027799999e+24,1.7978999765580521e-16,4.435051435923049e-09,1.2042013330037094,5.340694851078551e-09,0.37581949692120525,0.3758194959866387,0.6608518402909287,True,False,9.820302300221833,-3.0750648347273395e-15,0.4056818899351357,0.10895979054463825,2.322420665598471,7.423947651523637e+20,7.423947651523637e+20,7.41796518981293e+20,0.6312117711138703,2039709080.4051802,4.2627280789161304e+16,1.8876657365572183e+33,5.21317630522544e+33,4.26272807891613e+16,1.887665736557218e+33,5.213176305225439e+33,-5.738715238284781e+58,1.0171166888182965,-5.738663540762532e+58,infinita (analítico; cauda em todo r>=r0),9.243419568616354e+35,0.0,1.722094253566207,1.7795535741528432e-08,2.8270452645529076e-10,True,True,False,não calculada,garganta regular; fonte exótica requerida
62,1e-06,5.9722e+18,5.972194027799999e+24,1.7978999765580521e-16,4.435051435923049e-09,1.2163649828320298,5.394641263715709e-09,0.3781800228906275,0.3781800219501909,0.6442433218880192,True,False,9.820302300221833,-3.0750648347273395e-15,0.4056818899351356,0.10895979054463795,2.322420665598471,7.363978259367372e+20,7.363978259367372e+20,7.358037054917948e+20,0.626112949299332,2023232655.803451,4.047392245659979e+16,1.7991899108808215e+33,5.0362281259505995e+33,4.04739224565998e+16,1.7991899108808212e+33,5.0362281259505983e+33,-5.886608451400867e+58,1.0,-5.886608451400867e+58,infinita (analítico; cauda em todo r>=r0),9.28294386054375e+35,0.0,1.7294578223730948,1.7713884000907442e-08,3.2142222217146355e-10,True,True,False,não calculada,garganta regular; fonte exótica requerida
63,1e-06,5.9722e+18,5.972194027799999e+24,1.7978999765580521e-16,4.435051435923049e-09,1.2285286326603502,5.448587676352866e-09,0.3805227620509056,0.38052276110464334,0.6279636850376427,True,False,9.820302300221833,-3.0750648347273395e-15,0.4056818899351356,0.10895979054463795,2.322420665598471,7.30501332615421e+20,7.30501332615421e+20,7.299112757184773e+20,0.6210995303375951,2007032203.5177066,3.842386292626711e+16,1.7167964968932772e+33,4.8677888688570553e+33,3.842386292626709e+16,1.7167964968932752e+33,4.867788868857051e+33,-6.034685961962508e+58,1.0,-6.034685961962506e+58,infinita (analítico; cauda em todo r>=r0),9.323740218565755e+35,0.0,1.7370583833121072,1.76447480142898e-08,4.4714121294475717e-10,True,True,False,não calculada,garganta regular; fonte exótica requerida
64,1e-06,5.9722e+18,5.972194027799999e+24,1.7978999765580521e-16,4.435051435923049e-09,1.5,6.6525771538845735e-09,0.42857142857142855,0.4285714275056815,0.33333333333333326,True,False,9.820302300221833,-3.0750648347273395e-15,0.4056818899351356,0.10895979054463795,2.3224206655984716,6.204446580357644e+20,6.204446580357644e+20,6.199317921100593e+20,0.5275252330160474,1704654534.605599,1.0759717408004382e+16,7.548303019247344e+32,2.5145573861664465e+33,1.0759717408004384e+16,7.548303019247338e+32,2.5145573861664448e+33,-7.253809221737351e+58,1.0,-7.253809221737348e+58,infinita (analítico; cauda em todo r>=r0),1.0488551201677552e+36,0.0,1.9540683638303766,1.7739889710793733e-08,1.9167687437260383e-09,True,True,False,não calculada,garganta regular; fonte exótica requerida
65,1e-06,5.9722e+18,5.972194027799999e+24,1.7978999765580521e-16,4.435051435923049e-09,1.99,8.825752357486867e-09,0.49874686716791977,0.49874686592766443,0.005025125628140614,True,False,9.820302300221833,-3.0750648347273395e-15,0.4056818899351356,0.10895979054463795,2.3224206655984716,4.892623114765905e+20,4.892623114765905e+20,4.8884528590197935e+20,0.4159890999541505,1344234666.3287916,-3072344186290009.0,2.9241538618354804e+32,9.958258622192587e+32,-3072344186290004.0,2.9241538618354797e+32,9.958258622192587e+32,-6.151001989094972e+58,1.0,-6.151001989094972e+58,infinita (analítico; cauda em todo r>=r0),1.3317063393974516e+36,0.0,2.4810340128889417,2.029949167454179e-08,3.982428609106137e-09,True,True,False,não calculada,garganta regular; fonte exótica requerida
66,1e-06,5.9722e+18,5.972194027799999e+24,1.7978999765580521e-16,4.435051435923049e-09,2.0,8.870102871846098e-09,0.5,0.4999999987566284,0.0,True,False,9.820302300221833,-3.0750648347273395e-15,0.40568188993513554,0.1089597905446378,2.322420665598471,4.871740292013471e+20,4.871740292013471e+20,4.867585679332939e+20,0.4142135643288804,1338497168.5456696,-3177479047051295.0,2.8774663319182517e+32,9.793481901616507e+32,-3177479047051292.0,2.8774663319182524e+32,9.793481901616508e+32,-6.120401530840888e+58,1.0,-6.120401530840888e+58,infinita (analítico; cauda em todo r>=r0),1.3380759777667672e+36,0.0,2.492900960560922,2.0362094166400636e-08,3.98527588707509e-09,True,True,False,não calculada,garganta regular; fonte exótica requerida
67,1e-06,5.9722e+18,5.972194027799999e+24,1.7978999765580521e-16,4.435051435923049e-09,2.01,8.914453386205328e-09,0.5012468827930174,0.5012468815465452,-0.004975124378109319,True,False,9.820302300221833,-3.0750648347273395e-15,0.4056818899351357,0.10895979054463825,2.322420665598471,4.851039398182009e+20,4.851039398182009e+20,4.846900305208127e+20,0.41245349698030265,1332809655.2303147,-3278919747567448.5,2.8317626575086995e+32,9.632116717259555e+32,-3278919747567444.0,2.831762657508697e+32,9.632116717259548e+32,-6.08980103433162e+58,1.0,-6.089801034331616e+58,infinita (analítico; cauda em todo r>=r0),1.3444637017417153e+36,5.358670753289002e+33,2.50480160260034,2.0424931879501355e-08,3.985103358417064e-09,True,True,False,não calculada,garganta regular; fonte exótica requerida
68,1e-06,5.9722e+18,5.972194027799999e+24,1.7978999765580521e-16,4.435051435923049e-09,5.0,2.2175257179615247e-08,0.7142857142857143,0.7142857125094692,-0.6,True,False,9.820302300221833,-3.0750648347273395e-15,0.4056818899351356,0.10895979054463795,2.3224206655984716,2.1548800939785408e+20,2.1548800939785408e+20,2.1528939184345488e+20,0.18321595793837034,592047344.7802844,-2905123700161184.5,1.2538083260386683e+31,3.7931584144777804e+31,-2905123700161183.5,1.253808326038668e+31,3.79315841447778e+31,-1.5668227918952673e+58,1.0,-1.5668227918952673e+58,infinita (analítico; cauda em todo r>=r0),3.597047236483175e+36,1.370077197277342e+36,6.701474848967748,4.218990038381542e-08,5.41650857499576e-09,True,True,False,não calculada,garganta regular; fonte exótica requerida
69,1e-06,5.9722e+18,5.972194027799999e+24,1.7978999765580521e-16,4.435051435923049e-09,10.0,4.435051435923049e-08,0.8333333333333334,0.8333333312610472,-0.8,True,False,9.820302300221833,-3.0750648347273395e-15,0.4056818899351356,0.10895979054463795,2.3224206655984716,1.12257022618736e+20,1.12257022618736e+20,1.1214976015649902e+20,0.09544511544690078,308423064.28129655,-889694133174362.6,9.152967992504596e+29,2.714551255666206e+30,-889694133174362.6,9.152967992504598e+29,2.714551255666206e+30,-4.40668910220544e+57,1.0,-4.40668910220544e+57,infinita (analítico; cauda em todo r>=r0),7.706791446918329e+36,3.503334037284065e+36,14.358129224418516,8.032790084320269e-08,9.642664444697857e-10,True,True,False,não calculada,garganta regular; fonte exótica requerida
70,1e-06,5.9722e+18,5.972194027799999e+24,1.7978999765580521e-16,4.435051435923049e-09,100.0,4.435051435923049e-07,0.9803921568627451,0.9803921544247616,-0.98,True,False,9.820302300221833,-3.0750648347273395e-15,0.4056818899351357,0.10895979054463825,2.322420665598471,1.1703195432525785e+19,1.1703195432525785e+19,1.1691561623980431e+19,0.009950494081326481,32154205.70561289,-10063263052543.633,1.0233292713995188e+26,3.060555238856609e+26,-10063263052543.625,1.0233292713995174e+26,3.0605552388566055e+26,-4.847358012425984e+55,1.0,-4.8473580124259816e+55,infinita (analítico; cauda em todo r>=r0),8.348263806894539e+37,4.1464541794512884e+37,155.53223590455113,7.714751358533727e-07,6.894296133985733e-09,True,True,False,não calculada,garganta regular; fonte exótica requerida
71,1e-05,5.972200000000001e+19,5.972140277999999e+24,1.7978999765580521e-16,4.435051435923049e-08,1.001,4.439486487358972e-08,0.3335554815061646,0.33355548067670526,0.9980019980019983,True,False,9.820302300221588,-2.803735584604339e-14,0.764420887676304,1.0895979054450786,2.3312380446935945,8.603095823383683e+20,8.603095823383683e+20,8.596315660236481e+20,0.7314739381941571,2363676778.748594,1012397453038520.6,5.138449505491871e+29,1.0297456179824546e+30,1012397453038520.1,5.1384495054918675e+29,1.0297456179824542e+30,-4.676069266019684e+56,1.2934336713522536,-4.674946813797164e+56,infinita (analítico; cauda em todo r>=r0),8.845305960081179e+36,0.0,1.6479237420541393,3.816317283343519e-07,4.1007952589211527e-10,True,True,False,não calculada,garganta regular; fonte exótica requerida
72,1e-05,5.972200000000001e+19,5.972140277999999e+24,1.7978999765580521e-16,4.435051435923049e-08,1.005,4.457226693102664e-08,0.33444259567387685,0.3344425948422115,0.9900497512437814,True,False,9.820302300221588,-2.803735584604339e-14,0.7644208876763037,1.0895979054450777,2.331238044693595,8.576069431383487e+20,8.576069431383487e+20,8.569307281188796e+20,0.7291760326730039,2356251352.309592,995017479928540.2,5.017289069571887e+29,1.0135000850207211e+30,995017479928539.9,5.017289069571885e+29,1.0135000850207211e+30,-4.676614414353215e+56,1.2882441440051804,-4.6761118252142355e+56,infinita (analítico; cauda em todo r>=r0),8.845845902494247e+36,0.0,1.6480243359652882,3.10959035596212e-07,3.729276887298738e-10,True,True,False,não calculada,garganta regular; fonte exótica requerida
73,1e-05,5.972200000000001e+19,5.972140277999999e+24,1.7978999765580521e-16,4.435051435923049e-08,1.01,4.47940195028228e-08,0.3355481727574751,0.3355481719230604,0.9801980198019802,True,False,9.82030230022159,-2.7856469679294726e-14,0.7644208876763037,1.0895979054450777,2.331238044693595,8.542537587401971e+20,8.542537587401971e+20,8.535797802695338e+20,0.7263250043367389,2347038570.9347405,973741956274631.5,4.8711062377045516e+29,9.937329481504849e+29,973741956274631.6,4.871106237704551e+29,9.937329481504847e+29,-4.678318455566576e+56,1.2817413930331996,-4.6782613443497576e+56,infinita (analítico; cauda em todo r>=r0),8.847303222005764e+36,0.0,1.6482958417146232,2.8109564195378897e-07,3.4362501732942974e-10,True,True,False,não calculada,garganta regular; fonte exótica requerida
74,1e-05,5.972200000000001e+19,5.972140277999999e+24,1.7978999765580521e-16,4.435051435923049e-08,1.1,4.8785565795153544e-08,0.3548387096774194,0.3548387087950346,0.8181818181818181,True,False,9.820302300221588,-2.803735584604339e-14,0.7644208876763037,1.0895979054450777,2.331238044693595,7.982923788791441e+20,7.982923788791441e+20,7.976560075299224e+20,0.6787441197876187,2193286227.824984,662895703861213.8,2.9981804826705514e+29,7.184252813217765e+29,662895703861213.5,2.9981804826705504e+29,7.184252813217764e+29,-4.909398215948759e+56,1.1616280601081206,-4.909397024732406e+56,infinita (analítico; cauda em todo r>=r0),8.965726299395059e+36,0.0,1.6703586399623778,1.9390662480507734e-07,8.091083358863216e-12,True,True,False,não calculada,garganta regular; fonte exótica requerida
75,1e-05,5.972200000000001e+19,5.972140277999999e+24,1.7978999765580521e-16,4.435051435923049e-08,1.2042013330037094,5.340694851078551e-08,0.37581949692120525,0.3758194959866471,0.6608518402909287,True,False,9.820302300221588,-2.803735584604339e-14,0.7644208876763037,1.0895979054450777,2.331238044693595,7.423880837119887e+20,7.423880837119887e+20,7.417898429251023e+20,0.6312117712152134,2039690723.3325784,426272807891613.0,1.887665736557218e+29,5.213176305225439e+29,426272807891613.1,1.8876657365572187e+29,5.21317630522544e+29,-5.738715238284781e+56,1.0171166888182965,-5.738663540762531e+56,infinita (analítico; cauda em todo r>=r0),9.243419568616353e+36,0.0,1.722094253566207,1.7795535741528435e-07,4.223437155559395e-10,True,True,False,não calculada,garganta regular; fonte exótica requerida
76,1e-05,5.972200000000001e+19,5.972140277999999e+24,1.7978999765580521e-16,4.435051435923049e-08,1.2163649828320298,5.394641263715709e-08,0.3781800228906275,0.3781800219501994,0.6442433218880192,True,False,9.820302300221588,-2.803735584604339e-14,0.7644208876763037,1.0895979054450777,2.331238044693595,7.363911984709102e+20,7.363911984709102e+20,7.357970833730195e+20,0.6261129494024107,2023214447.024427,404739224565997.94,1.7991899108808215e+29,5.036228125950599e+29,404739224565997.9,1.7991899108808204e+29,5.036228125950596e+29,-5.8866084514008675e+56,1.0,-5.886608451400866e+56,infinita (analítico; cauda em todo r>=r0),9.28294386054375e+36,0.0,1.7294578223730948,1.771388400090744e-07,4.668656572448526e-10,True,True,False,não calculada,garganta regular; fonte exótica requerida
77,1e-05,5.972200000000001e+19,5.972140277999999e+24,1.7978999765580521e-16,4.435051435923049e-08,1.2285286326603502,5.448587676352866e-08,0.3805227620509056,0.38052276110465183,0.6279636850376427,True,False,9.820302300221588,-2.803735584604339e-14,0.764420887676304,1.0895979054450786,2.3312380446935945,7.304947581471944e+20,7.304947581471944e+20,7.299047065607513e+20,0.6210995303803976,2007014140.3481236,384238629262671.06,1.7167964968932765e+29,4.867788868857053e+29,384238629262670.9,1.7167964968932747e+29,4.8677888688570495e+29,-6.034685961962507e+56,1.0,-6.034685961962504e+56,infinita (analítico; cauda em todo r>=r0),9.323740218565758e+36,0.0,1.7370583833121072,1.7644748014289802e-07,4.936580033643168e-10,True,True,False,não calculada,garganta regular; fonte exótica requerida
78,1e-05,5.972200000000001e+19,5.972140277999999e+24,1.7978999765580521e-16,4.435051435923049e-08,1.5,6.652577153884574e-08,0.42857142857142855,0.4285714275056911,0.33333333333333326,True,False,9.82030230022159,-2.7856469679294726e-14,0.7644208876763037,1.0895979054450777,2.3312380446935945,6.20439073810807e+20,6.20439073810807e+20,6.199262125009624e+20,0.5275252328311606,1704639192.1020048,107597174080043.8,7.54830301924734e+28,2.5145573861664453e+29,107597174080043.81,7.548303019247341e+28,2.5145573861664453e+29,-7.25380922173735e+56,1.0,-7.253809221737349e+56,infinita (analítico; cauda em todo r>=r0),1.0488551201677552e+37,0.0,1.9540683638303766,1.7739889710793734e-07,1.522849180091157e-09,True,True,False,não calculada,garganta regular; fonte exótica requerida
79,1e-05,5.972200000000001e+19,5.972140277999999e+24,1.7978999765580521e-16,4.435051435923049e-08,1.99,8.825752357486869e-08,0.49874686716791977,0.49874686592767553,0.005025125628140614,True,False,9.82030230022159,-2.7856469679294726e-14,0.7644208876763037,1.0895979054450777,2.3312380446935945,4.892579075792869e+20,4.892579075792869e+20,4.888408857580433e+20,0.41598909950173774,1344222566.742775,-30723441862900.082,2.924153861835478e+28,9.95825862219258e+28,-30723441862900.094,2.9241538618354792e+28,9.958258622192585e+28,-6.15100198909497e+56,1.0,-6.151001989094971e+56,infinita (analítico; cauda em todo r>=r0),1.3317063393974518e+37,0.0,2.4810340128889417,2.0299491674541796e-07,2.8292257425732714e-09,True,True,False,não calculada,garganta regular; fonte exótica requerida
80,1e-05,5.972200000000001e+19,5.972140277999999e+24,1.7978999765580521e-16,4.435051435923049e-08,2.0,8.870102871846099e-08,0.5,0.49999999875663953,0.0,True,False,9.820302300221588,-2.803735584604339e-14,0.7644208876763037,1.0895979054450777,2.331238044693595,4.8716964409577393e+20,4.8716964409577393e+20,4.867541865670094e+20,0.4142135638740624,1338485120.5894122,-31774790470512.95,2.877466331918251e+28,9.793481901616504e+28,-31774790470512.953,2.8774663319182516e+28,9.793481901616505e+28,-6.120401530840887e+56,1.0,-6.120401530840887e+56,infinita (analítico; cauda em todo r>=r0),1.338075977766767e+37,0.0,2.492900960560922,2.0362094166400638e-07,2.8162530085751314e-09,True,True,False,não calculada,garganta regular; fonte exótica requerida
81,1e-05,5.972200000000001e+19,5.972140277999999e+24,1.7978999765580521e-16,4.435051435923049e-08,2.01,8.914453386205329e-08,0.5012468827930174,0.5012468815465564,-0.004975124378109319,True,False,9.820302300221588,-2.803735584604339e-14,0.7644208876763037,1.0895979054450777,2.331238044693595,4.85099573339507e+20,4.85099573339507e+20,4.8468566776744024e+20,0.41245349652213137,1332797658.4508932,-32789197475674.477,2.831762657508698e+28,9.63211671725955e+28,-32789197475674.516,2.831762657508698e+28,9.632116717259552e+28,-6.089801034331618e+56,1.0,-6.089801034331618e+56,infinita (analítico; cauda em todo r>=r0),1.3444637017417156e+37,5.358670753289003e+34,2.50480160260034,2.0424931879501356e-07,2.809794175107072e-09,True,True,False,não calculada,garganta regular; fonte exótica requerida
82,1e-05,5.972200000000001e+19,5.972140277999999e+24,1.7978999765580521e-16,4.435051435923049e-08,5.0,2.2175257179615247e-07,0.7142857142857143,0.7142857125094851,-0.6,True,False,9.820302300221588,-2.803735584604339e-14,0.7644208876763037,1.0895979054450777,2.331238044693595,2.154860695799775e+20,2.154860695799775e+20,2.152874538131986e+20,0.18321595757799175,592042015.1843296,-29051237001611.84,1.2538083260386686e+27,3.7931584144777807e+27,-29051237001611.824,1.2538083260386672e+27,3.7931584144777774e+27,-1.5668227918952673e+56,1.0,-1.566822791895267e+56,infinita (analítico; cauda em todo r>=r0),3.597047236483175e+37,1.3700771972773422e+37,6.701474848967748,4.218990038381542e-07,3.3346656547195153e-09,True,True,False,não calculada,garganta regular; fonte exótica requerida
83,1e-05,5.972200000000001e+19,5.972140277999999e+24,1.7978999765580521e-16,4.435051435923049e-08,10.0,4.4350514359230493e-07,0.8333333333333334,0.833333331261066,-0.8,True,False,9.820302300221588,-2.803735584604339e-14,0.7644208876763037,1.0895979054450777,2.331238044693595,1.1225601219979167e+20,1.1225601219979167e+20,1.1214875070292653e+20,0.09544511535785423,308420288.1831982,-8896941331743.625,9.152967992504597e+25,2.7145512556662065e+26,-8896941331743.625,9.152967992504592e+25,2.7145512556662045e+26,-4.406689102205439e+55,1.0,-4.406689102205438e+55,infinita (analítico; cauda em todo r>=r0),7.706791446918329e+37,3.503334037284065e+37,14.358129224418516,8.032790084320269e-07,1.183331210796723e-10,True,True,False,não calculada,garganta regular; fonte exótica requerida
84,1e-05,5.972200000000001e+19,5.972140277999999e+24,1.7978999765580521e-16,4.435051435923049e-08,100.0,4.435051435923049e-06,0.9803921568627451,0.9803921544247836,-0.98,True,False,9.820302300221588,-2.803735584604339e-14,0.7644208876763037,1.0895979054450777,2.331238044693595,1.170309017603684e+19,1.170309017603684e+19,1.1691456472195156e+19,0.009950494142863198,32153916.51632122,-100632630525.4363,1.0233292713995182e+22,3.060555238856607e+22,-100632630525.43626,1.0233292713995176e+22,3.060555238856606e+22,-4.847358012425982e+53,1.0,-4.847358012425981e+53,infinita (analítico; cauda em todo r>=r0),8.348263806894538e+38,4.146454179451288e+38,155.53223590455113,7.714751358533727e-06,1.6786905199239754e-10,True,True,False,não calculada,garganta regular; fonte exótica requerida
85,0.0001,5.9722e+20,5.971602779999999e+24,1.7978999765580521e-16,4.43505143592305e-07,1.001,4.439486487358972e-07,0.3335554815061646,0.33355548067677987,0.9980019980019983,True,False,9.820302300219126,-2.787455829596959e-13,4.351810865040733,10.89597905432031,2.4194118356446483,8.602321543078496e+20,8.602321543078496e+20,8.59554199015005e+20,0.7314739387096034,2363464047.3766336,10123974530385.205,5.138449505491869e+25,1.0297456179824542e+26,10123974530385.201,5.138449505491867e+25,1.0297456179824539e+26,-4.676069266019683e+54,1.2934336713522536,-4.674946813797163e+54,infinita (analítico; cauda em todo r>=r0),8.845305960081182e+37,0.0,1.6479237420541393,3.816317283343519e-06,2.1886914502999844e-10,True,True,False,não calculada,garganta regular; fonte exótica requerida
86,0.0001,5.9722e+20,5.971602779999999e+24,1.7978999765580521e-16,4.43505143592305e-07,1.005,4.4572266931026647e-07,0.33444259567387685,0.33444259484228633,0.9900497512437814,True,False,9.820302300219126,-2.787455829596959e-13,4.351810865040731,10.895979054320305,2.4194118356446483,8.575297583393691e+20,8.575297583393691e+20,8.568536041796614e+20,0.7291760331812895,2356039289.209557,9950174799285.398,5.017289069571885e+25,1.0135000850207207e+26,9950174799285.402,5.017289069571887e+25,1.0135000850207212e+26,-4.676614414353213e+54,1.2882441440051804,-4.6754262737758215e+54,infinita (analítico; cauda em todo r>=r0),8.845845902494247e+37,0.0,1.6480243359652882,3.1095903559621203e-06,2.453450775874444e-10,True,True,False,não calculada,garganta regular; fonte exótica requerida
87,0.0001,5.9722e+20,5.971602779999999e+24,1.7978999765580521e-16,4.43505143592305e-07,1.01,4.4794019502822805e-07,0.3355481727574751,0.3355481719231355,0.9801980198019802,True,False,9.820302300219126,-2.787455829596959e-13,4.351810865040732,10.895979054320307,2.4194118356446483,8.541768757099262e+20,8.541768757099262e+20,8.535029578977397e+20,0.7263250048272484,2346827336.935885,9737419562746.312,4.871106237704548e+25,9.937329481504842e+25,9737419562746.314,4.871106237704552e+25,9.93732948150485e+25,-4.678318455566575e+54,1.2817413930331996,-4.67829945052631e+54,infinita (analítico; cauda em todo r>=r0),8.847303222005764e+37,0.0,1.6482958417146232,2.81095641953789e-06,2.4303226098254527e-10,True,True,False,não calculada,garganta regular; fonte exótica requerida
88,0.0001,5.9722e+20,5.971602779999999e+24,1.7978999765580521e-16,4.43505143592305e-07,1.1,4.878556579515355e-07,0.3548387096774194,0.354838708795114,0.8181818181818181,True,False,9.820302300219126,-2.787455829596959e-13,4.351810865040732,10.895979054320307,2.419411835644648,7.982205323004675e+20,7.982205323004675e+20,7.97584218225093e+20,0.6787441201735737,2193088831.3375607,6628957038612.136,2.9981804826705493e+25,7.18425281321776e+25,6628957038612.139,2.9981804826705523e+25,7.1842528132177665e+25,-4.909398215948758e+54,1.1616280601081206,-4.909339170065946e+54,infinita (analítico; cauda em todo r>=r0),8.96572629939506e+37,0.0,1.6703586399623778,1.939066248050774e-06,4.682496612673503e-10,True,True,False,não calculada,garganta regular; fonte exótica requerida
89,0.0001,5.9722e+20,5.971602779999999e+24,1.7978999765580521e-16,4.43505143592305e-07,1.2042013330037094,5.340694851078552e-07,0.37581949692120525,0.37581949598673126,0.6608518402909287,True,False,9.820302300219126,-2.787455829596959e-13,4.351810865040732,10.895979054320307,2.4194118356446483,7.423212684690478e+20,7.423212684690478e+20,7.417230815242612e+20,0.6312117715151636,2039507150.300907,4262728078916.1294,1.8876657365572166e+25,5.213176305225436e+25,4262728078916.129,1.8876657365572168e+25,5.213176305225437e+25,-5.7387152382847796e+54,1.0171166888182965,-5.73866354076253e+54,infinita (analítico; cauda em todo r>=r0),9.243419568616356e+37,0.0,1.722094253566207,1.7795535741528437e-06,7.645399868749791e-10,True,True,False,não calculada,garganta regular; fonte exótica requerida
90,0.0001,5.9722e+20,5.971602779999999e+24,1.7978999765580521e-16,4.43505143592305e-07,1.2163649828320298,5.39464126371571e-07,0.3781800228906275,0.378180021950284,0.6442433218880192,True,False,9.820302300219126,-2.787455829596959e-13,4.351810865040731,10.895979054320305,2.4194118356446483,7.36324922931317e+20,7.36324922931317e+20,7.357308613042167e+20,0.6261129496838909,2023032356.8127735,4047392245659.9775,1.79918991088082e+25,5.036228125950595e+25,4047392245659.9785,1.7991899108808213e+25,5.036228125950598e+25,-5.886608451400865e+54,1.0,-5.886608451400867e+54,infinita (analítico; cauda em todo r>=r0),9.282943860543752e+37,0.0,1.7294578223730948,1.7713884000907445e-06,7.825253778293018e-10,True,True,False,não calculada,garganta regular; fonte exótica requerida
91,0.0001,5.9722e+20,5.971602779999999e+24,1.7978999765580521e-16,4.43505143592305e-07,1.2285286326603502,5.448587676352867e-07,0.3805227620509056,0.380522761104737,0.6279636850376427,True,False,9.820302300219126,-2.787455829596959e-13,4.351810865040733,10.89597905432031,2.4194118356446483,7.304290133062955e+20,7.304290133062955e+20,7.298390148249201e+20,0.6210995306735768,2006833508.216452,3842386292626.7095,1.7167964968932758e+25,4.867788868857052e+25,3842386292626.711,1.7167964968932763e+25,4.867788868857053e+25,-6.034685961962506e+54,1.0,-6.0346859619625063e+54,infinita (analítico; cauda em todo r>=r0),9.323740218565758e+37,0.0,1.7370583833121072,1.7644748014289802e-06,8.311089594315035e-10,True,True,False,não calculada,garganta regular; fonte exótica requerida
92,0.0001,5.9722e+20,5.971602779999999e+24,1.7978999765580521e-16,4.43505143592305e-07,1.5,6.652577153884575e-07,0.42857142857142855,0.428571427505787,0.33333333333333326,True,False,9.820302300219126,-2.787455829596959e-13,4.351810865040733,10.89597905432031,2.4194118356446483,6.20383233782447e+20,6.20383233782447e+20,6.198704186305686e+20,0.5275252328708568,1704485773.168787,1075971740800.4377,7.548303019247336e+24,2.5145573861664437e+25,1075971740800.4373,7.548303019247337e+24,2.514557386166445e+25,-7.253809221737347e+54,1.0,-7.25380922173735e+54,infinita (analítico; cauda em todo r>=r0),1.0488551201677553e+38,0.0,1.9540683638303766,1.7739889710793738e-06,1.3970657963824351e-09,True,True,False,não calculada,garganta regular; fonte exótica requerida
93,0.0001,5.9722e+20,5.971602779999999e+24,1.7978999765580521e-16,4.43505143592305e-07,1.99,8.825752357486869e-07,0.49874686716791977,0.49874686592778716,0.005025125628140614,True,False,9.820302300219126,-2.787455829596959e-13,4.351810865040732,10.895979054320307,2.4194118356446483,4.8921387363086264e+20,4.8921387363086264e+20,4.8879688934203215e+20,0.4159890992496977,1344101584.6875894,-307234418629.0008,2.924153861835478e+24,9.958258622192579e+24,-307234418629.0005,2.924153861835479e+24,9.958258622192585e+24,-6.15100198909497e+54,1.0,-6.15100198909497e+54,infinita (analítico; cauda em todo r>=r0),1.331706339397452e+38,0.0,2.4810340128889417,2.0299491674541795e-06,1.8688426361990196e-09,True,True,False,não calculada,garganta regular; fonte exótica requerida
94,0.0001,5.9722e+20,5.971602779999999e+24,1.7978999765580521e-16,4.43505143592305e-07,2.0,8.8701028718461e-07,0.5,0.4999999987567515,0.0,True,False,9.820302300219126,-2.787455829596959e-13,4.351810865040733,10.89597905432031,2.4194118356446483,4.8712579808847023e+20,4.8712579808847023e+20,4.86710377951333e+20,0.41421356361821937,1338364654.8972566,-317747904705.1294,2.87746633191825e+24,9.793481901616499e+24,-317747904705.1294,2.8774663319182493e+24,9.793481901616499e+24,-6.120401530840886e+54,1.0,-6.120401530840886e+54,infinita (analítico; cauda em todo r>=r0),1.3380759777667674e+38,0.0,2.492900960560922,2.036209416640064e-06,1.8669885637478956e-09,True,True,False,não calculada,garganta regular; fonte exótica requerida
95,0.0001,5.9722e+20,5.971602779999999e+24,1.7978999765580521e-16,4.43505143592305e-07,2.01,8.914453386205329e-07,0.5012468827930174,0.5012468815466685,-0.004975124378109319,True,False,9.820302300219126,-2.787455829596959e-13,4.351810865040731,10.895979054320305,2.4194118356446483,4.8505591362295693e+20,4.8505591362295693e+20,4.846420453028434e+20,0.41245349625142685,1332677704.5874298,-327891974756.7447,2.8317626575086973e+24,9.632116717259547e+24,-327891974756.7446,2.831762657508698e+24,9.632116717259553e+24,-6.0898010343316164e+54,1.0,-6.089801034331618e+54,infinita (analítico; cauda em todo r>=r0),1.3444637017417156e+38,5.358670753289003e+35,2.50480160260034,2.042493187950136e-06,1.8032346726926107e-09,True,True,False,não calculada,garganta regular; fonte exótica requerida
96,0.0001,5.9722e+20,5.971602779999999e+24,1.7978999765580521e-16,4.43505143592305e-07,5.0,2.217525717961525e-06,0.7142857142857143,0.714285712509645,-0.6,True,False,9.820302300219126,-2.787455829596959e-13,4.351810865040732,10.895979054320307,2.419411835644648,2.1546667508787613e+20,2.1546667508787613e+20,2.152680771967736e+20,0.1832159571086995,591988729.3537905,-290512370016.1183,1.2538083260386675e+23,3.793158414477778e+23,-290512370016.11835,1.2538083260386682e+23,3.7931584144777794e+23,-1.566822791895267e+54,1.0,-1.5668227918952672e+54,infinita (analítico; cauda em todo r>=r0),3.597047236483176e+38,1.3700771972773425e+38,6.701474848967748,4.218990038381543e-06,5.183151685628218e-10,True,True,False,não calculada,garganta regular; fonte exótica requerida
97,0.0001,5.9722e+20,5.971602779999999e+24,1.7978999765580521e-16,4.43505143592305e-07,10.0,4.43505143592305e-06,0.8333333333333334,0.8333333312612524,-0.8,True,False,9.820302300219126,-2.787455829596959e-13,4.351810865040732,10.895979054320307,2.419411835644648,1.122459089709993e+20,1.122459089709993e+20,1.1213865712777262e+20,0.09544511528416284,308392529.8415766,-88969413317.43622,9.15296799250459e+21,2.714551255666204e+22,-88969413317.43626,9.152967992504597e+21,2.7145512556662062e+22,-4.406689102205438e+53,1.0,-4.406689102205439e+53,infinita (analítico; cauda em todo r>=r0),7.706791446918332e+38,3.503334037284066e+38,14.358129224418516,8.032790084320271e-06,6.001551478007627e-10,True,True,False,não calculada,garganta regular; fonte exótica requerida
98,0.0001,5.9722e+20,5.971602779999999e+24,1.7978999765580521e-16,4.43505143592305e-07,100.0,4.43505143592305e-05,0.9803921568627451,0.9803921544250029,-0.98,True,False,9.820302300219126,-2.787455829596959e-13,4.351810865040731,10.895979054320305,2.4194118356446483,1.1702036976570532e+19,1.1702036976570532e+19,1.1690404319771798e+19,0.009950494218696935,32151022.879922174,-1006326305.2543627,1.0233292713995174e+18,3.0605552388566047e+18,-1006326305.254363,1.0233292713995181e+18,3.0605552388566067e+18,-4.8473580124259815e+51,1.0,-4.847358012425982e+51,infinita (analítico; cauda em todo r>=r0),8.348263806894541e+39,4.146454179451289e+39,155.53223590455113,7.71475135853373e-05,7.469187268682731e-09,True,True,False,não calculada,garganta regular; fonte exótica requerida
99,0.001,5.972200000000001e+21,5.966227799999999e+24,1.7978999765580521e-16,4.435051435923049e-06,1.001,4.439486487358972e-06,0.3335554815061646,0.3335554806775264,0.9980019980019983,True,False,9.820302300194516,-2.784742537095729e-12,40.22571063395965,108.9597905301555,3.3011497451369385,8.59457868237234e+20,8.59457868237234e+20,8.58780523165077e+20,0.7314739389622897,2361336717.8166766,101239745303.85207,5.13844950549187e+21,1.0297456179824543e+22,101239745303.85205,5.138449505491871e+21,1.0297456179824548e+22,-4.6760692660196834e+52,1.2934336713522536,-4.674946813797165e+52,infinita (analítico; cauda em todo r>=r0),8.84530596008118e+38,0.0,1.6479237420541393,3.8163172833435186e-05,4.841973488822759e-10,True,True,False,não calculada,garganta regular; fonte exótica requerida
100,0.001,5.972200000000001e+21,5.966227799999999e+24,1.7978999765580521e-16,4.435051435923049e-06,1.005,4.457226693102664e-06,0.33444259567387685,0.33444259484303485,0.9900497512437814,True,False,9.820302300194516,-2.784742537095729e-12,40.22571063395965,108.9597905301555,3.3011497451369385,8.567579046223125e+20,8.567579046223125e+20,8.560823590621257e+20,0.729176033394781,2353918642.473717,99501747992.85402,5.017289069571887e+21,1.013500085020721e+22,99501747992.854,5.017289069571885e+21,1.013500085020721e+22,-4.6766144143532147e+52,1.2882441440051804,-4.6742660773300564e+52,infinita (analítico; cauda em todo r>=r0),8.845845902494246e+38,0.0,1.6480243359652882,3.10959035596212e-05,4.544393750194331e-10,True,True,False,não calculada,garganta regular; fonte exótica requerida
101,0.001,5.972200000000001e+21,5.966227799999999e+24,1.7978999765580521e-16,4.435051435923049e-06,1.01,4.47940195028228e-06,0.3355481727574751,0.33554817192388653,0.9801980198019802,True,False,9.820302300194516,-2.784742537095729e-12,40.22571063395965,108.9597905301555,3.3011497451369385,8.534080399476241e+20,8.534080399476241e+20,8.52734728722025e+20,0.7263250050906123,2344714981.9472475,97374195627.46315,4.871106237704551e+21,9.937329481504847e+21,97374195627.46315,4.871106237704551e+21,9.937329481504847e+21,-4.678318455566577e+52,1.2817413930331996,-4.67803541124417e+52,infinita (analítico; cauda em todo r>=r0),8.847303222005765e+38,0.0,1.6482958417146232,2.8109564195378897e-05,5.271307834675554e-10,True,True,False,não calculada,garganta regular; fonte exótica requerida
102,0.001,5.972200000000001e+21,5.966227799999999e+24,1.7978999765580521e-16,4.435051435923049e-06,1.1,4.878556579515355e-06,0.3548387096774194,0.3548387087959081,0.8181818181818181,True,False,9.820302300194516,-2.784742537095729e-12,40.22571063395966,108.95979053015552,3.3011497451369385,7.975020620891222e+20,7.975020620891222e+20,7.968663207536529e+20,0.6787441202712424,2191114854.3069158,66289570386.12137,2.998180482670551e+21,7.184252813217764e+21,66289570386.12137,2.998180482670551e+21,7.184252813217764e+21,-4.909398215948759e+52,1.1616280601081206,-4.909136427802856e+52,infinita (analítico; cauda em todo r>=r0),8.965726299395059e+38,0.0,1.6703586399623778,1.9390662480507737e-05,4.936562270074774e-10,True,True,False,não calculada,garganta regular; fonte exótica requerida
103,0.001,5.972200000000001e+21,5.966227799999999e+24,1.7978999765580521e-16,4.435051435923049e-06,1.2042013330037094,5.340694851078551e-06,0.37581949692120525,0.3758194959875723,0.6608518402909287,True,False,9.820302300194516,-2.784742537095729e-12,40.22571063395966,108.95979053015552,3.3011497451369385,7.416531122933405e+20,7.416531122933405e+20,7.41055463770714e+20,0.6312117713292099,2037671409.6913414,42627280789.16131,1.8876657365572182e+21,5.21317630522544e+21,42627280789.16131,1.887665736557218e+21,5.213176305225439e+21,-5.738715238284782e+52,1.0171166888182965,-5.738663540762532e+52,infinita (analítico; cauda em todo r>=r0),9.243419568616354e+38,0.0,1.722094253566207,1.7795535741528433e-05,3.131230830177856e-10,True,True,False,não calculada,garganta regular; fonte exótica requerida
104,0.001,5.972200000000001e+21,5.966227799999999e+24,1.7978999765580521e-16,4.435051435923049e-06,1.2163649828320298,5.394641263715708e-06,0.3781800228906275,0.37818002195113043,0.6442433218880192,True,False,9.820302300194516,-2.784742537095729e-12,40.225710633959665,108.95979053015554,3.3011497451369385,7.356621639772158e+20,7.356621639772158e+20,7.35068637059129e+20,0.626112949473168,2021211444.9202676,40473922456.5998,1.799189910880822e+21,5.036228125950601e+21,40473922456.59979,1.7991899108808212e+21,5.036228125950598e+21,-5.886608451400868e+52,1.0,-5.886608451400866e+52,infinita (analítico; cauda em todo r>=r0),9.28294386054375e+38,0.0,1.7294578223730948,1.771388400090744e-05,2.798412612747825e-10,True,True,False,não calculada,garganta regular; fonte exótica requerida
105,0.001,5.972200000000001e+21,5.966227799999999e+24,1.7978999765580521e-16,4.435051435923049e-06,1.2285286326603502,5.448587676352867e-06,0.3805227620509056,0.38052276110558864,0.6279636850376427,True,False,9.820302300194516,-2.784742537095729e-12,40.225710633959665,108.95979053015554,3.3011497451369385,7.297715612118644e+20,7.297715612118644e+20,7.291820937823008e+20,0.6210995304716395,2005027176.7740862,38423862926.2671,1.7167964968932758e+21,4.867788868857052e+21,38423862926.267105,1.716796496893276e+21,4.867788868857052e+21,-6.034685961962506e+52,1.0,-6.034685961962506e+52,infinita (analítico; cauda em todo r>=r0),9.323740218565758e+38,0.0,1.7370583833121072,1.7644748014289804e-05,3.3494806928047183e-10,True,True,False,não calculada,garganta regular; fonte exótica requerida
106,0.001,5.972200000000001e+21,5.966227799999999e+24,1.7978999765580521e-16,4.435051435923049e-06,1.5,6.6525771538845735e-06,0.42857142857142855,0.42857142750674626,0.33333333333333326,True,False,9.820302300194516,-2.784742537095729e-12,40.225710633959665,108.95979053015554,3.3011497451369385,6.198248323191151e+20,6.198248323191151e+20,6.193124787472348e+20,0.5275252322641567,1702951580.595331,10759717408.004383,7.548303019247343e+20,2.514557386166446e+21,10759717408.00438,7.548303019247339e+20,2.514557386166445e+21,-7.253809221737351e+52,1.0,-7.253809221737349e+52,infinita (analítico; cauda em todo r>=r0),1.0488551201677551e+39,0.0,1.9540683638303766,1.7739889710793735e-05,3.090949718398406e-11,True,True,False,não calculada,garganta regular; fonte exótica requerida
107,0.001,5.972200000000001e+21,5.966227799999999e+24,1.7978999765580521e-16,4.435051435923049e-06,1.99,8.825752357486869e-06,0.49874686716791977,0.4987468659289035,0.005025125628140614,True,False,9.820302300194516,-2.784742537095729e-12,40.22571063395965,108.9597905301555,3.3011497451369385,4.887735358207631e+20,4.887735358207631e+20,4.883569268556483e+20,0.41598909815164165,1342891768.7353966,-3072344186.290008,2.9241538618354778e+20,9.958258622192579e+20,-3072344186.2900085,2.9241538618354794e+20,9.958258622192587e+20,-6.151001989094969e+52,1.0,-6.151001989094971e+52,infinita (analítico; cauda em todo r>=r0),1.3317063393974517e+39,0.0,2.4810340128889417,2.0299491674541796e-05,1.024264784099671e-09,True,True,False,não calculada,garganta regular; fonte exótica requerida
108,0.001,5.972200000000001e+21,5.966227799999999e+24,1.7978999765580521e-16,4.435051435923049e-06,2.0,8.870102871846099e-06,0.5,0.49999999875787055,0.0,True,False,9.820302300194516,-2.784742537095729e-12,40.22571063395964,108.95979053015547,3.3011497451369385,4.8668733972930016e+20,4.8668733972930016e+20,4.86272293508001e+20,0.4142135625159042,1337160002.6845012,-3177479047.0512943,2.877466331918251e+20,9.793481901616503e+20,-3177479047.0512924,2.877466331918251e+20,9.793481901616503e+20,-6.120401530840886e+52,1.0,-6.120401530840886e+52,infinita (analítico; cauda em todo r>=r0),1.3380759777667671e+39,0.0,2.492900960560922,2.036209416640064e-05,1.102017144205547e-09,True,True,False,não calculada,garganta regular; fonte exótica requerida
109,0.001,5.972200000000001e+21,5.966227799999999e+24,1.7978999765580521e-16,4.435051435923049e-06,2.01,8.914453386205328e-06,0.5012468827930174,0.5012468815477904,-0.004975124378109319,True,False,9.820302300194516,-2.784742537095729e-12,40.22571063395965,108.9597905301555,3.3011497451369385,4.8461931835862214e+20,4.8461931835862214e+20,4.842058225575688e+20,0.4124534951597572,1331478171.1761956,-3278919747.5674477,2.831762657508698e+20,9.63211671725955e+20,-3278919747.5674477,2.831762657508698e+20,9.632116717259551e+20,-6.089801034331618e+52,1.0,-6.089801034331618e+52,infinita (analítico; cauda em todo r>=r0),1.3444637017417154e+39,5.358670753289003e+36,2.50480160260034,2.0424931879501356e-05,1.148369843662067e-09,True,True,False,não calculada,garganta regular; fonte exótica requerida
110,0.001,5.972200000000001e+21,5.966227799999999e+24,1.7978999765580521e-16,4.435051435923049e-06,5.0,2.2175257179615247e-05,0.7142857142857143,0.7142857125112436,-0.6,True,False,9.820302300194516,-2.784742537095729e-12,40.22571063395965,108.9597905301555,3.3011497451369385,2.152727349833857e+20,2.152727349833857e+20,2.150743158483612e+20,0.18321595651040942,591455884.2816643,-2905123700.1611843,1.2538083260386683e+19,3.79315841447778e+19,-2905123700.161185,1.2538083260386687e+19,3.793158414477782e+19,-1.5668227918952672e+52,1.0,-1.5668227918952675e+52,infinita (analítico; cauda em todo r>=r0),3.5970472364831755e+39,1.3700771972773422e+39,6.701474848967748,4.2189900383815423e-05,2.816013644491022e-09,True,True,False,não calculada,garganta regular; fonte exótica requerida
111,0.001,5.972200000000001e+21,5.966227799999999e+24,1.7978999765580521e-16,4.435051435923049e-06,10.0,4.4350514359230495e-05,0.8333333333333334,0.8333333312631175,-0.8,True,False,9.820302300194516,-2.784742537095729e-12,40.22571063395965,108.9597905301555,3.3011497451369385,1.1214487754478282e+20,1.1214487754478282e+20,1.1203772223786908e+20,0.09544511527990701,308114948.792877,-889694133.1743624,9.152967992504595e+17,2.7145512556662057e+18,-889694133.1743628,9.152967992504599e+17,2.714551255666207e+18,-4.4066891022054395e+51,1.0,-4.4066891022054395e+51,infinita (analítico; cauda em todo r>=r0),7.70679144691833e+39,3.503334037284066e+39,14.358129224418516,8.032790084320269e-05,6.538856123228243e-10,True,True,False,não calculada,garganta regular; fonte exótica requerida
112,0.001,5.972200000000001e+21,5.966227799999999e+24,1.7978999765580521e-16,4.435051435923049e-06,100.0,0.00044350514359230495,0.9803921568627451,0.9803921544271972,-0.98,True,False,9.820302300194516,-2.784742537095729e-12,40.22571063395964,108.95979053015547,3.3011497451369385,1.1691504196701446e+19,1.1691504196701446e+19,1.167988201033983e+19,0.00995049430950669,32122084.35859993,-10063263.05254363,102332927139951.8,306055523885660.7,-10063263.052543629,102332927139951.8,306055523885660.75,-4.847358012425982e+49,1.0,-4.847358012425982e+49,infinita (analítico; cauda em todo r>=r0),8.348263806894539e+40,4.1464541794512883e+40,155.53223590455113,0.0007714751358533728,1.5794769492316618e-08,True,True,False,não calculada,garganta regular; fonte exótica requerida
