f,r_rs,r_m,epsilon_rs_r,a_propria_sobre_a_Newton,dominio
1e-08,1.0,8.8701028718461e-11,1.0,indefinida,horizonte excluído
1e-08,1.01,8.958803900564561e-11,0.9900990099009901,10.049875621120886,Schwarzschild vácuo: referência central
1e-08,1.1,9.75711315903071e-11,0.9090909090909091,3.3166247903553994,Schwarzschild vácuo: referência central
1e-08,2.0,1.77402057436922e-10,0.5,1.414213562373095,Schwarzschild vácuo: referência central
1e-08,10.0,8.8701028718461e-10,0.1,1.0540925533894598,Schwarzschild vácuo: referência central
1e-08,50.7512437810945,4.501687532124478e-09,0.01970395059307912,1.01,Schwarzschild vácuo: referência central
1e-08,100.0,8.8701028718461e-09,0.01,1.005037815259212,Schwarzschild vácuo: referência central
1e-08,500.75012493758,4.441705121286121e-08,0.0019970039950057985,1.001,Schwarzschild vácuo: referência central
1e-08,1000.0,8.8701028718461e-08,0.001,1.0005003753127737,Schwarzschild vácuo: referência central
1e-07,1.0,8.870102871846099e-10,1.0,indefinida,horizonte excluído
1e-07,1.01,8.95880390056456e-10,0.9900990099009901,10.049875621120886,Schwarzschild vácuo: referência central
1e-07,1.1,9.75711315903071e-10,0.9090909090909091,3.3166247903553994,Schwarzschild vácuo: referência central
1e-07,2.0,1.7740205743692198e-09,0.5,1.414213562373095,Schwarzschild vácuo: referência central
1e-07,10.0,8.8701028718461e-09,0.1,1.0540925533894598,Schwarzschild vácuo: referência central
1e-07,50.7512437810945,4.501687532124478e-08,0.01970395059307912,1.01,Schwarzschild vácuo: referência central
1e-07,100.0,8.870102871846099e-08,0.01,1.005037815259212,Schwarzschild vácuo: referência central
1e-07,500.75012493758,4.441705121286121e-07,0.0019970039950057985,1.001,Schwarzschild vácuo: referência central
1e-07,1000.0,8.870102871846099e-07,0.001,1.0005003753127737,Schwarzschild vácuo: referência central
1e-06,1.0,8.870102871846098e-09,1.0,indefinida,horizonte excluído
1e-06,1.01,8.958803900564559e-09,0.9900990099009901,10.049875621120886,Schwarzschild vácuo: referência central
1e-06,1.1,9.757113159030708e-09,0.9090909090909091,3.3166247903553994,Schwarzschild vácuo: referência central
1e-06,2.0,1.7740205743692196e-08,0.5,1.414213562373095,Schwarzschild vácuo: referência central
1e-06,10.0,8.870102871846099e-08,0.1,1.0540925533894598,Schwarzschild vácuo: referência central
1e-06,50.7512437810945,4.5016875321244776e-07,0.01970395059307912,1.01,Schwarzschild vácuo: referência central
1e-06,100.0,8.870102871846098e-07,0.01,1.005037815259212,Schwarzschild vácuo: referência central
1e-06,500.75012493758,4.4417051212861205e-06,0.0019970039950057985,1.001,Schwarzschild vácuo: referência central
1e-06,1000.0,8.870102871846099e-06,0.001,1.0005003753127737,Schwarzschild vácuo: referência central
1e-05,1.0,8.8701028718461e-08,1.0,indefinida,horizonte excluído
1e-05,1.01,8.958803900564561e-08,0.9900990099009901,10.049875621120886,Schwarzschild vácuo: referência central
1e-05,1.1,9.75711315903071e-08,0.9090909090909091,3.3166247903553994,Schwarzschild vácuo: referência central
1e-05,2.0,1.77402057436922e-07,0.5,1.414213562373095,Schwarzschild vácuo: referência central
1e-05,10.0,8.8701028718461e-07,0.1,1.0540925533894598,Schwarzschild vácuo: referência central
1e-05,50.7512437810945,4.501687532124479e-06,0.01970395059307912,1.01,Schwarzschild vácuo: referência central
1e-05,100.0,8.8701028718461e-06,0.01,1.005037815259212,Schwarzschild vácuo: referência central
1e-05,500.75012493758,4.4417051212861214e-05,0.0019970039950057985,1.001,Schwarzschild vácuo: referência central
1e-05,1000.0,8.8701028718461e-05,0.001,1.0005003753127737,Schwarzschild vácuo: referência central
0.0001,1.0,8.8701028718461e-07,1.0,indefinida,horizonte excluído
0.0001,1.01,8.958803900564561e-07,0.9900990099009901,10.049875621120886,Schwarzschild vácuo: referência central
0.0001,1.1,9.75711315903071e-07,0.9090909090909091,3.3166247903553994,Schwarzschild vácuo: referência central
0.0001,2.0,1.77402057436922e-06,0.5,1.414213562373095,Schwarzschild vácuo: referência central
0.0001,10.0,8.8701028718461e-06,0.1,1.0540925533894598,Schwarzschild vácuo: referência central
0.0001,50.7512437810945,4.5016875321244785e-05,0.01970395059307912,1.01,Schwarzschild vácuo: referência central
0.0001,100.0,8.8701028718461e-05,0.01,1.005037815259212,Schwarzschild vácuo: referência central
0.0001,500.75012493758,0.00044417051212861217,0.0019970039950057985,1.001,Schwarzschild vácuo: referência central
0.0001,1000.0,0.00088701028718461,0.001,1.0005003753127737,Schwarzschild vácuo: referência central
0.001,1.0,8.870102871846099e-06,1.0,indefinida,horizonte excluído
0.001,1.01,8.95880390056456e-06,0.9900990099009901,10.049875621120886,Schwarzschild vácuo: referência central
0.001,1.1,9.75711315903071e-06,0.9090909090909091,3.3166247903553994,Schwarzschild vácuo: referência central
0.001,2.0,1.7740205743692197e-05,0.5,1.414213562373095,Schwarzschild vácuo: referência central
0.001,10.0,8.870102871846099e-05,0.1,1.0540925533894598,Schwarzschild vácuo: referência central
0.001,50.7512437810945,0.0004501687532124478,0.01970395059307912,1.01,Schwarzschild vácuo: referência central
0.001,100.0,0.0008870102871846099,0.01,1.005037815259212,Schwarzschild vácuo: referência central
0.001,500.75012493758,0.004441705121286121,0.0019970039950057985,1.001,Schwarzschild vácuo: referência central
0.001,1000.0,0.008870102871846098,0.001,1.0005003753127737,Schwarzschild vácuo: referência central
0.01,1.0,8.870102871846099e-05,1.0,indefinida,horizonte excluído
0.01,1.01,8.95880390056456e-05,0.9900990099009901,10.049875621120886,Schwarzschild vácuo: referência central
0.01,1.1,9.75711315903071e-05,0.9090909090909091,3.3166247903553994,Schwarzschild vácuo: referência central
0.01,2.0,0.00017740205743692198,0.5,1.414213562373095,Schwarzschild vácuo: referência central
0.01,10.0,0.0008870102871846099,0.1,1.0540925533894598,Schwarzschild vácuo: referência central
0.01,50.7512437810945,0.004501687532124478,0.01970395059307912,1.01,Schwarzschild vácuo: referência central
0.01,100.0,0.008870102871846098,0.01,1.005037815259212,Schwarzschild vácuo: referência central
0.01,500.75012493758,0.044417051212861214,0.0019970039950057985,1.001,Schwarzschild vácuo: referência central
0.01,1000.0,0.08870102871846099,0.001,1.0005003753127737,Schwarzschild vácuo: referência central
0.05,1.0,0.00044350514359230495,1.0,indefinida,horizonte excluído
0.05,1.01,0.000447940195028228,0.9900990099009901,10.049875621120886,Schwarzschild vácuo: referência central
0.05,1.1,0.00048785565795153547,0.9090909090909091,3.3166247903553994,Schwarzschild vácuo: referência central
0.05,2.0,0.0008870102871846099,0.5,1.414213562373095,Schwarzschild vácuo: referência central
0.05,10.0,0.004435051435923049,0.1,1.0540925533894598,Schwarzschild vácuo: referência central
0.05,50.7512437810945,0.02250843766062239,0.01970395059307912,1.01,Schwarzschild vácuo: referência central
0.05,100.0,0.04435051435923049,0.01,1.005037815259212,Schwarzschild vácuo: referência central
0.05,500.75012493758,0.22208525606430604,0.0019970039950057985,1.001,Schwarzschild vácuo: referência central
0.05,1000.0,0.443505143592305,0.001,1.0005003753127737,Schwarzschild vácuo: referência central
0.1,1.0,0.0008870102871846099,1.0,indefinida,horizonte excluído
0.1,1.01,0.000895880390056456,0.9900990099009901,10.049875621120886,Schwarzschild vácuo: referência central
0.1,1.1,0.0009757113159030709,0.9090909090909091,3.3166247903553994,Schwarzschild vácuo: referência central
0.1,2.0,0.0017740205743692198,0.5,1.414213562373095,Schwarzschild vácuo: referência central
0.1,10.0,0.008870102871846098,0.1,1.0540925533894598,Schwarzschild vácuo: referência central
0.1,50.7512437810945,0.04501687532124478,0.01970395059307912,1.01,Schwarzschild vácuo: referência central
0.1,100.0,0.08870102871846099,0.01,1.005037815259212,Schwarzschild vácuo: referência central
0.1,500.75012493758,0.4441705121286121,0.0019970039950057985,1.001,Schwarzschild vácuo: referência central
0.1,1000.0,0.88701028718461,0.001,1.0005003753127737,Schwarzschild vácuo: referência central
0.25,1.0,0.002217525717961525,1.0,indefinida,horizonte excluído
0.25,1.01,0.0022397009751411404,0.9900990099009901,10.049875621120886,Schwarzschild vácuo: referência central
0.25,1.1,0.0024392782897576775,0.9090909090909091,3.3166247903553994,Schwarzschild vácuo: referência central
0.25,2.0,0.00443505143592305,0.5,1.414213562373095,Schwarzschild vácuo: referência central
0.25,10.0,0.02217525717961525,0.1,1.0540925533894598,Schwarzschild vácuo: referência central
0.25,50.7512437810945,0.11254218830311197,0.01970395059307912,1.01,Schwarzschild vácuo: referência central
0.25,100.0,0.2217525717961525,0.01,1.005037815259212,Schwarzschild vácuo: referência central
0.25,500.75012493758,1.1104262803215303,0.0019970039950057985,1.001,Schwarzschild vácuo: referência central
0.25,1000.0,2.217525717961525,0.001,1.0005003753127737,Schwarzschild vácuo: referência central
0.5,1.0,0.00443505143592305,1.0,indefinida,horizonte excluído
0.5,1.01,0.004479401950282281,0.9900990099009901,10.049875621120886,Schwarzschild vácuo: referência central
0.5,1.1,0.004878556579515355,0.9090909090909091,3.3166247903553994,Schwarzschild vácuo: referência central
0.5,2.0,0.0088701028718461,0.5,1.414213562373095,Schwarzschild vácuo: referência central
0.5,10.0,0.0443505143592305,0.1,1.0540925533894598,Schwarzschild vácuo: referência central
0.5,50.7512437810945,0.22508437660622393,0.01970395059307912,1.01,Schwarzschild vácuo: referência central
0.5,100.0,0.443505143592305,0.01,1.005037815259212,Schwarzschild vácuo: referência central
0.5,500.75012493758,2.2208525606430607,0.0019970039950057985,1.001,Schwarzschild vácuo: referência central
0.5,1000.0,4.43505143592305,0.001,1.0005003753127737,Schwarzschild vácuo: referência central
