f,rmin_m,Pmax_dominio_Pa,g_no_corte_m_s2,rs_rmin
0.0,1.0,363970907053.5759,3.658585199046453e-06,0.0
0.0,10.0,363970907051.20605,3.658585199042838e-05,0.0
0.0,100.0,363970906814.2121,0.00036585851986813004,0.0
0.0,1000.0,363970883114.82,0.0036585851625275424,0.0
1e-08,1.0,416133443741.3493,3986025.446003658,8.8701028718461e-11
1e-08,10.0,369187139161.46906,39860.25449658585,8.870102871846099e-12
1e-08,100.0,364492508466.8014,398.6029104585162,8.8701028718461e-13
1e-08,1000.0,364023021722.4156,3.9896840311259414,8.8701028718461e-14
1e-07,1.0,885596226985.023,39860254.46000365,8.870102871846099e-10
1e-07,10.0,416133223459.2234,398602.5446365858,8.8701028718461e-11
1e-07,100.0,369186922870.6597,3986.0258118584834,8.870102871846099e-12
1e-07,1000.0,364492269143.8474,39.86391304479666,8.870102871846099e-13
1e-06,1.0,5580219411739.366,398602544.60000366,8.870102871846098e-09
1e-06,10.0,885593601670.1572,3986025.4460365856,8.870102871846098e-10
1e-06,100.0,416131020434.2117,39860.25482585815,8.870102871846098e-11
1e-06,1000.0,369184738712.2915,398.60620318150393,8.870102871846097e-12
1e-05,1.0,52525986491043.84,3986025446.000004,8.8701028718461e-08
1e-05,10.0,5580150907118.5,39860254.46003659,8.8701028718461e-09
1e-05,100.0,885567348566.531,398602.5449658549,8.8701028718461e-10
1e-05,1000.0,416108969809.30505,3986.029104548577,8.8701028718461e-11
0.0001,1.0,521937180460192.1,39860254460.0,8.8701028718461e-07
0.0001,10.0,52521076295502.23,398602544.60003656,8.8701028718461e-08
0.0001,100.0,5579465879569.637,3986025.446365821,8.8701028718461e-09
0.0001,1000.0,885304822036.6259,39860.2581182193,8.8701028718461e-10
0.001,1.0,5211401437762019.0,398602544600.0,8.870102871846099e-06
0.001,10.0,521465563569369.4,3986025446.0000367,8.870102871846099e-07
0.001,100.0,52471976157592.18,39860254.46036549,8.870102871846099e-08
0.001,1000.0,5572617470028.556,398602.5482549266,8.870102871846098e-09
0.01,1.0,5.164127577181474e+16,3986025445999.9995,8.870102871846099e-05
0.01,10.0,5164433775311015.0,39860254460.00003,8.870102871846099e-06
0.01,100.0,516749575736964.1,398602544.6003622,8.870102871846099e-07
0.01,1000.0,51981156521820.016,3986025.449621999,8.870102871846099e-08
0.05,1.0,2.4777241480562394e+17,19930127230000.0,0.00044350514359230495
0.05,10.0,2.47774658325e+16,199301272300.00003,4.4350514359230495e-05
0.05,100.0,2477970935554692.5,1993012723.0003476,4.435051435923049e-06
0.05,1000.0,248021449511482.03,19930127.233475655,4.4350514359230493e-07
0.1,1.0,4.6946319521578694e+17,39860254460000.0,0.0008870102871846099
0.1,10.0,4.694644979302577e+16,398602544600.00006,8.870102871846099e-05
0.1,100.0,4694775251445391.0,3986025446.000329,8.870102871846099e-06
0.1,1000.0,469607804226952.0,39860254.463292725,8.870102871846099e-07
0.25,1.0,9.780479138989526e+17,99650636150000.0,0.002217525717961525
0.25,10.0,9.780469426819994e+16,996506361500.0,0.0002217525717961525
0.25,100.0,9780372306574392.0,9965063615.000273,2.217525717961525e-05
0.25,1000.0,977940124895979.5,99650636.15274394,2.217525717961525e-06
0.5,1.0,1.3040637032131497e+18,199301272300000.0,0.00443505143592305
0.5,10.0,1.3040607703881302e+17,1993012723000.0,0.000443505143592305
0.5,100.0,1.3040314423312452e+16,19930127230.000183,4.43505143592305e-05
0.5,1000.0,1303738181086414.5,199301272.30182928,4.43505143592305e-06
