f,K_SI,R_solucao_m,R_solucao_Rterra,delta_R_rel,g_superficie_m_s2,Pmax_dominio_Pa,rho_no_corte_kg_m3,massa_no_corte_sobre_M,dominio_rmin_m,divergencia_rho,divergencia_P,equilibrio_regular_central,estabilidade_dinamica,classe
0.0,1724.650333751851,6371000.0,1.0,0.0,9.820302293385645,567419001736.1917,18138.501668063647,1.2722008324685685e-20,1.0,nenhuma,nenhuma,True,não calculada,"[M] politropo n=1 truncado, não terrestre"
1e-08,1724.650333751851,6370999.936290078,0.9999999900000123,-9.99998772677202e-09,9.820302489791453,642022677909.0844,19294.105813899805,1.0000000200587571e-08,1.0,1/r,1/r²,False,não calculada,"[M] politropo n=1 truncado, não terrestre"
1e-07,1724.650333751851,6370999.36290012,0.9999999000000189,-9.9999981073573e-08,9.820304257446029,1520737813170.655,29694.54287381585,9.999999981987236e-08,1.0,1/r,1/r²,False,não calculada,"[M] politropo n=1 truncado, não terrestre"
1e-06,1724.650333751851,6370993.629006439,0.9999990000010106,-9.999989893927363e-07,9.820321933999843,30828813847965.77,133698.91389946235,9.99999999704036e-07,1.0,1/r,1/r²,False,não calculada,"[M] politropo n=1 truncado, não terrestre"
1e-05,1724.650333751851,6370936.290637149,0.9999900001000076,-9.999899992396699e-06,9.820498700413374,2376002040301499.5,1173742.6243352382,1.0000000000166331e-05,1.0,1/r,1/r²,False,não calculada,"[M] politropo n=1 truncado, não terrestre"
0.0001,1724.650333751851,6370362.9636932155,0.9999000099973655,-9.999000263449798e-05,9.82226645207946,2.3103698085946822e+17,11574179.727338126,9.999999999996535e-05,1.0,1/r,1/r²,False,não calculada,"[M] politropo n=1 truncado, não terrestre"
0.001,1724.650333751851,6364635.354197359,0.9990009973626367,-0.0009990026373632999,9.839952750549767,2.303857139292422e+19,115578550.67797072,0.0010000000000000276,1.0,1/r,1/r²,False,não calculada,"[M] politropo n=1 truncado, não terrestre"
0.01,1724.650333751851,6307910.716786548,0.9900974284706557,-0.009902571529344262,10.017722370963817,2.3032063465983996e+21,1155622252.323301,0.009999999999999709,1.0,1/r,1/r²,False,não calculada,"[M] politropo n=1 truncado, não terrestre"
0.05,1724.650333751851,6066530.909224635,0.9522101568395284,-0.047789843160471634,10.83076760844488,5.757870931831019e+22,5778038540.91642,0.050000000000000114,1.0,1/r,1/r²,False,não calculada,"[M] politropo n=1 truncado, não terrestre"
0.1,1724.650333751851,5784413.262100444,0.9079286237796962,-0.09207137622030381,11.913008193780671,2.3031409901388484e+23,11556058560.68813,0.09999999999999994,1.0,1/r,1/r²,False,não calculada,"[M] politropo n=1 truncado, não terrestre"
0.25,1724.650333751851,5018323.6500502955,0.7876822555407779,-0.21231774445922214,15.82787940240207,1.4394601514636788e+24,28890116623.990562,0.24999999999999886,1.0,1/r,1/r²,False,não calculada,"[M] politropo n=1 truncado, não terrestre"
0.5,1724.650333751851,3843971.929802991,0.6033545644016624,-0.39664543559833765,26.976130356456576,5.757835305696352e+24,57780206654.29106,0.5000000000000004,1.0,1/r,1/r²,False,não calculada,"[M] politropo n=1 truncado, não terrestre"
