f,Mc_kg,Mmat_kg,rs_m,rs_R,rmin_m,g_superficie_m_s2,gmax_dominio_m_s2,raio_gmax_m,Pmax_dominio_Pa,raio_Pmax_m,delta_Pmax_rel_mesmo_corte,raio_Mc_igual_mmat_m,I_MR2,delta_I_rel,divergencia_formal_P,Pcentral_global_Pa,campo_forte_r_ate_m,horizonte_excluido,massa_formal_dentro_rs_kg,massa_material_excluida_no_corte_kg,estabilidade,validade,g_100km_m_s2,delta_g_rel_100km,P_100km_Pa,g_1221_5km_m_s2,delta_g_rel_1221_5km,P_1221_5km_Pa,g_3480km_m_s2,delta_g_rel_3480km,P_3480km_Pa,g_R_2_m_s2,delta_g_rel_R_2,P_R_2_Pa
0.0,0.0,5.9722e+24,0.0,0.0,1.0,9.820302293385641,10.687519094646854,3480000.0,363970907009.6242,1.0,-1.2075618283091671e-10,0.0,0.33079948660408365,-0.0,nenhuma,363970907053.5999,0.0,False,0.0,54816.01365006748,não calculada,diagnóstico PREM regular,0.36582200095759226,0.0,363731551110.0662,4.402404066199919,0.0,328957638542.09357,10.687519094646854,0.0,135793067888.52391,10.016605376621149,0.0,166680631400.03384
1e-08,5.9722e+16,5.972199940278e+24,8.8701028718461e-11,1.3922622621010988e-17,1.0,9.820302293385641,3986025.446003658,1.0,416133443760.4127,1.0,0.1433151268300643,10289.851780098052,0.33079948329608877,-1e-08,1/r,divergente,8.8701028718461e-10,True,3.825545881172709e-26,54816.01310190734,não calculada,perfil prescrito truncado; singular,0.36622059984397226,0.0010895979064588785,363732048873.32404,4.4024066936632416,5.968246628523442e-07,328957659052.1381,10.687519316912356,2.0796734946450834e-08,135793067708.74077,10.016605669267184,2.9216089380165956e-08,166680631675.72394
8.259927764774629e-08,4.932994059678704e+17,5.972199506700594e+24,7.326640898756876e-10,1.1499985714576795e-16,1.0,9.820302293385641,32924282.25251723,1.0,794829661318.502,1.0,1.1837725101514893,20800.240261753435,0.33079945928028504,-8.259927764774629e-08,1/r,divergente,7.326640898756876e-09,True,2.1558678270859343e-23,54816.00912230435,não calculada,perfil prescrito truncado; singular,0.36911439896621057,0.009,363735662598.31836,4.402425768857168,4.9297286033963344e-06,328957807953.56506,10.687520930543842,1.7177952840084802e-07,135793066403.52731,10.016607793856283,2.4132278784936996e-07,166680633677.21353
9.177697516416255e-08,5.481104510754116e+17,5.97219945188955e+24,8.140712109729864e-10,1.277776190508533e-16,1.0,9.820302293385641,36582535.83612985,1.0,842702851848.0527,1.0,1.3153027769991743,21543.729880261526,0.3307994562443074,-9.177697516416255e-08,1/r,divergente,8.140712109729863e-09,True,2.957294660219521e-23,54816.00861921956,não calculada,perfil prescrito truncado; singular,0.36948022096716815,0.01,363736119430.3044,4.402428180263529,5.477476225995928e-06,328957826777.06,10.6875211345324,1.9086614266760894e-07,135793066238.52759,10.016608062437964,2.681364309437444e-07,166680633930.23328
1e-07,5.9722e+17,5.97219940278e+24,8.870102871846099e-10,1.3922622621010985e-16,1.0,9.820302293385641,39860254.46000365,1.0,885596227571.2249,1.0,1.4331511404038304,22168.84273597693,0.330799453524135,-1e-07,1/r,divergente,8.8701028718461e-09,True,3.8255455368735757e-23,54816.00816846611,não calculada,perfil prescrito truncado; singular,0.3698079898213922,0.010895979064588786,363736528742.1924,4.4024303408331456,5.968246628523442e-06,328957843642.5169,10.687521317301874,2.079673494645083e-07,135793066090.69125,10.01660830308153,2.921608938016595e-07,166680634156.93375
1.009546726805788e-07,6.029214961829527e+17,5.972199397078504e+24,8.95478332070285e-10,1.4055538095593864e-16,1.0,9.820302293385641,40240789.419742465,1.0,890576041498.8726,1.0,1.4468330414325705,22239.16628921859,0.33079945320832976,-1.009546726805788e-07,1/r,divergente,8.95478332070285e-09,True,3.9361591566273006e-23,54816.00811613476,não calculada,perfil prescrito truncado; singular,0.3698460429681258,0.011000000000000001,363736576262.28156,4.40243059166989,6.0252238485955205e-06,328957845600.5543,10.68752133852095,2.0995275693436984e-07,135793066073.52782,10.016608331019643,2.9495007403811885e-07,166680634183.253
4.1299638823873145e-07,2.466497029839352e+18,5.97219753350297e+24,3.6633204493784386e-09,5.749992857288398e-16,1.0,9.820302293385641,164621411.2625715,1.0,2518263966781.4673,1.0,5.918860595665089,35568.01296345092,0.3307993499850905,-4.1299638823873145e-07,1/r,divergente,3.663320449378439e-08,True,2.694833893491719e-21,54815.99101125183,não calculada,perfil prescrito truncado; singular,0.382283991000684,0.045,363752108544.48566,4.402512579486164,2.4648643016981673e-05,328958485599.1265,10.687528274131804,8.588976420042402e-07,135793060463.52486,10.016617462796818,1.2066139392468498e-06,166680642785.90564
4.588848758208127e-07,2.740552255377058e+18,5.972197259447744e+24,4.070356054864932e-09,6.388880952542665e-16,1.0,9.820302293385641,182912679.18063462,1.0,2757629752470.2354,1.0,6.576511471188319,36839.373864657384,0.3307993348052023,-4.588848758208127e-07,1/r,divergente,4.0703560548649316e-08,True,3.6966169682164824e-21,54815.988495827856,não calculada,perfil prescrito truncado; singular,0.38411310100547186,0.05,363754392702.80975,4.402524636517968,2.7387381129979638e-05,328958579716.5245,10.687529294074574,9.543307133380445e-07,135793059638.52243,10.016618805705226,1.3406821547187218e-06,166680644050.99844
5.04773363402894e-07,3.014607480914764e+18,5.972196985392519e+24,4.477391660351425e-09,7.027769047796932e-16,1.0,9.820302293385641,201203947.09869772,1.0,2996995516190.712,1.0,7.234162286354275,38028.56495345751,0.33079931962531417,-5.04773363402894e-07,1/r,divergente,4.477391660351425e-08,True,4.920196958915628e-21,54815.9859804039,não calculada,perfil prescrito truncado; singular,0.3859422110102599,0.05500000000000001,363756676860.92267,4.402536693549773,3.0126119242977606e-05,328958673833.9124,10.687530314017346,1.0497637846718492e-06,135793058813.51956,10.016620148613635,1.4747503701905943e-06,166680645316.09036
8.259927764774629e-07,4.932994059678704e+18,5.972195067005941e+24,7.326640898756877e-09,1.1499985714576797e-15,1.0,9.820302293385641,329242822.5251394,1.0,4672555247121.942,1.0,11.837716302512469,44813.0052085373,0.33079921336609724,-8.259927764774629e-07,1/r,divergente,7.326640898756878e-08,True,2.1558662244276752e-20,54815.96837243617,não calculada,perfil prescrito truncado; singular,0.39874598104377557,0.09,363772665961.8007,4.402621092772407,4.9297286033963346e-05,328959332655.34753,10.687537453616752,1.7177952840084804e-06,135793053038.48552,10.01662954897249,2.4132278784936997e-06,166680654171.71115
9.177697516416254e-07,5.481104510754116e+18,5.972194518895489e+24,8.140712109729863e-09,1.277776190508533e-15,1.0,9.820302293385641,365825358.3612656,1.0,5151286401101.993,1.0,13.153016906770882,46414.832812400324,0.330799183006321,-9.177697516416254e-07,1/r,divergente,8.140712109729863e-08,True,2.957292217515269e-20,54815.96334158824,não calculada,perfil prescrito truncado; singular,0.40240420105335156,0.1,363777234274.4367,4.402645206836017,5.4774762259959276e-05,328959520889.95294,10.687539493502298,1.908661426676089e-06,135793051388.47139,10.016632234789308,2.6813643094374437e-06,166680656701.8813
1e-06,5.9722e+18,5.9721940278e+24,8.870102871846098e-09,1.3922622621010983e-15,1.0,9.820302293385641,398602544.60000366,1.0,5580219417996.965,1.0,14.331498506762701,47761.622571003914,0.330799155804597,-1e-06,1/r,divergente,8.870102871846099e-08,True,3.8255420938822476e-20,54815.958834053825,não calculada,perfil prescrito truncado; singular,0.4056818895955913,0.10895979064588786,363781327386.20166,4.402666812532174,5.968246628523442e-05,328959689544.1847,10.687541321197038,2.0796734946450833e-06,135793049910.09149,10.016634641224943,2.921608938016595e-06,166680658968.85782
1.009546726805788e-06,6.029214961829528e+18,5.972193970785039e+24,8.95478332070285e-09,1.4055538095593863e-15,1.0,9.820302293385641,402407894.1973918,1.0,5630017467208.872,1.0,14.468317269600185,47913.13297160453,0.33079915264654475,-1.009546726805788e-06,1/r,divergente,8.95478332070285e-08,True,3.9361555802640057e-20,54815.95831074032,não calculada,perfil prescrito truncado; singular,0.40606242106292745,0.11000000000000001,363781802586.2282,4.402669320899627,6.025223848595521e-05,328959709124.5185,10.687541533387842,2.0995275693436984e-06,135793049738.45518,10.016634920606124,2.9495007403811886e-06,166680659232.04797
1e-05,5.972200000000001e+19,5.972140278e+24,8.8701028718461e-08,1.3922622621010987e-14,1.0,9.820302293385641,3986025446.000004,1.0,52525986554014.77,1.0,143.3136952324682,102902.44977468028,0.3307961786092176,-1e-05,1/r,divergente,8.8701028718461e-07,True,3.825507663968975e-17,54815.46548993098,não calculada,perfil prescrito truncado; singular,0.7644208873375827,1.0895979064588786,364229309358.8164,4.405031529522469,0.0005968246628523442,328978148348.8091,10.687741360148701,2.0796734946450834e-05,135792888093.59679,10.016898022659117,2.9216089380165957e-05,166680907070.7912
0.0001,5.9722e+20,5.97160278e+24,8.8701028718461e-07,1.3922622621010987e-13,1.0,9.820302293385641,39860254460.0,1.0,521937181090239.56,1.0,1433.0079687012217,221731.72514642164,0.33076640665542323,-0.0001,1/r,divergente,8.8701028718461e-06,True,3.8251633648362264e-14,54810.53204870247,não calculada,perfil prescrito truncado; singular,4.351810864757496,10.895979064588786,368708682337.0469,4.428678699425415,0.0059682466285234425,329162715189.5892,10.689741749665318,0.00020796734946450834,135791268878.91998,10.019531837000839,0.00029216089380165955,166683386359.3604
0.0001507980577911644,9.00596160740392e+20,5.971299403839259e+24,1.3375942854822214e-06,2.0995044506077873e-13,1.0,9.820302293385641,60108489556.29598,1.0,786846284020007.2,1.0,2160.8384018373886,254286.23126462343,0.33074960268398546,-0.0001507980577911644,1/r,divergente,1.3375942854822215e-05,True,1.3116415562361467e-13,54807.74750167319,não calculada,perfil prescrito truncado; singular,6.376615791339948,16.43092480673177,371236584248.77,4.442025702795719,0.009000000000000001,329266871912.3989,10.690870815246097,0.0003136107238322421,135790354114.49138,10.021018422035752,0.00044057295347820906,166684784337.19067
0.00016755339754573822,1.0006624008226578e+21,5.971199337599178e+24,1.4862158727580238e-06,2.332782722897542e-13,1.0,9.820302293385641,66787210618.10664,1.0,874218563513930.4,1.0,2400.891323103049,263381.08101192146,0.3307440600261968,-0.00016755339754573822,1/r,divergente,1.4862158727580238e-05,True,1.7992038078486244e-13,54806.8290407405,não calculada,perfil prescrito truncado; singular,7.0444817680491,18.256583118590857,372070336055.8317,4.446428106861918,0.01,329301224494.2271,10.691243228646012,0.00034845635981360233,135790052253.2885,10.021508760415152,0.0004895255038646766,166685245229.3134
0.00018430873730031206,1.1007286409049237e+21,5.971099271359095e+24,1.634837460033826e-06,2.5660609951872954e-13,1.0,9.820302293385641,73465931679.91731,1.0,961587914170791.9,1.0,2640.936197469892,271888.6940055724,0.33073851736840804,-0.00018430873730031206,1/r,divergente,1.634837460033826e-05,True,2.394700136835545e-13,54805.910579807794,não calculada,perfil prescrito truncado; singular,7.71234774475825,20.082241430449944,372904059710.11224,4.4508305109281165,0.011000000000000001,329335575739.7473,10.691615642045928,0.00038330199579496256,135789750325.93471,10.02199909879455,0.0005384780542511444,166685706012.3681
0.0007539902889558219,4.5029808037019596e+21,5.967697019196298e+24,6.687971427411106e-06,1.0497522253038935e-12,1.0,9.820302293385641,300542447781.47986,1.0,3930403178453388.5,1.0,10797.674021148727,435091.4461555577,0.3305500670035926,-0.0007539902889558219,1/r,divergente,6.687971427411106e-05,True,1.6385628311426965e-11,54774.68290809606,não calculada,perfil prescrito truncado; singular,30.419790952869366,82.15462403365885,401233913050.9003,4.600512249178915,0.045,330502722984.2716,10.70427769764307,0.0015680536191612102,135779445436.08365,10.038670603694165,0.002202864767391045,166701307740.86652
0.000837766987728691,5.003312004113288e+21,5.967196687995887e+24,7.431079363790118e-06,1.1663913614487706e-12,1.0,9.820302293385641,333936053090.5332,1.0,4366708096881592.0,1.0,11996.409716702494,450676.76368818484,0.33052235371464916,-0.000837766987728691,1/r,divergente,7.431079363790118e-05,True,2.247497193658537e-11,54770.09060343257,não calculada,perfil prescrito truncado; singular,33.75912083641512,91.28291559295428,405397323057.801,4.622524269509915,0.05,330674231994.92285,10.706139764642648,0.0017422817990680114,135777923561.38695,10.041122295591169,0.0024476275193233833,166703591478.59003
0.0009215436865015602,5.503643204524618e+21,5.966696356795475e+24,8.17418730016913e-06,1.2830304975936477e-12,1.0,9.820302293385641,367329658399.58655,1.0,4802939794383302.0,1.0,13194.944239785948,465258.38300199836,0.3304946404257057,-0.0009215436865015602,1/r,divergente,8.17418730016913e-05,True,2.991167943440934e-11,54765.498298769075,não calculada,perfil prescrito truncado; singular,37.09845071996088,100.4112071522497,409560029245.1742,4.644536289840914,0.055,330845707597.878,10.708001831642228,0.0019165099789748127,135776400032.91628,10.04357398748817,0.0026923902712557217,166705872489.61746
0.001,5.972200000000001e+21,5.9662278e+24,8.870102871846099e-06,1.3922622621010985e-12,1.0,9.820302293385641,398602544600.0,1.0,5211401444057214.0,1.0,14317.181324558735,478135.7237891108,0.33046868711747956,-0.001,1/r,divergente,8.870102871846099e-05,True,3.821720373508739e-11,54761.19763641741,não calculada,perfil prescrito truncado; singular,40.225710638956635,108.95979064588786,413457737327.8283,4.665150398454874,0.05968246628523442,331006263051.1501,10.709745644831505,0.0020796734946450833,135774971759.20631,10.045869980418068,0.0029216089380165954,166708006168.61475
0.0015079805779116438,9.005961607403919e+21,5.963194038392596e+24,1.3375942854822211e-05,2.099504450607787e-12,1.0,9.820302293385641,601084895562.9597,1.0,7854511490953249.0,1.0,21579.053072200844,548522.9085336255,0.33030064740310155,-0.0015079805779116438,1/r,divergente,0.00013375942854822211,True,1.309861150761671e-10,54733.352166124634,não calculada,perfil prescrito truncado; singular,60.47375990478114,164.3092480673177,438679265610.022,4.798620432157912,0.09,332045101403.0774,10.721036300639284,0.0031361072383224203,135765689027.94939,10.060735830767184,0.00440572953478209,166721763219.3208
0.001675533975457382,1.0006624008226577e+22,5.962193375991773e+24,1.4862158727580236e-05,2.332782722897541e-12,1.0,9.820302293385641,667872106181.0664,1.0,8725730130206161.0,1.0,23972.70218637213,568202.8629886037,0.3302452208252146,-0.001675533975457382,1/r,divergente,0.00014862158727580236,True,1.7964901887745873e-10,54724.167556797656,não calculada,perfil prescrito truncado; singular,67.15241967187265,182.56583118590856,446992713052.8039,4.84264447281991,0.1,332387484678.15643,10.724760434638444,0.003484563598136023,135762613856.85002,10.06563921456119,0.004895255038646767,166726278887.54327
0.0018430873730031203,1.1007286409049236e+22,5.961192713590951e+24,1.634837460033826e-05,2.5660609951872954e-12,1.0,9.820302293385641,734659316799.1731,1.0,9596655885753078.0,1.0,26365.546610662113,586618.9820272912,0.33018979424732775,-0.0018430873730031203,1/r,divergente,0.0001634837460033826,True,2.3907271271492496e-10,54714.98294747067,não calculada,perfil prescrito truncado; singular,73.83107943896417,200.8224143044994,455303345217.47675,4.886668513481911,0.11,332729734322.4517,10.728484568637603,0.0038330199579496254,135759532070.6546,10.070542598355193,0.005384780542511443,166730783648.98157
0.003080494409395484,1.8397328711791711e+22,5.953802671288209e+24,2.7324302307484734e-05,4.288856114814744e-12,1.0,9.820302293385641,1227892910211.114,1.0,1.6019505055151966e+16,1.0,44012.14705297015,696785.3473966169,0.32978046063496885,-0.003080494409395484,1/r,divergente,0.0002732430230748473,True,1.114845762941476e-09,54647.1532264731,não calculada,perfil prescrito truncado; singular,123.15398610944021,335.6500259335599,516591444560.7912,5.211792673800478,0.1838515037305991,335253161827.70514,10.755987858230815,0.006406422573622148,135736567794.30145,10.106754825010738,0.009,166763714285.04245
0.0034227715659949825,2.0441476346435235e+22,5.951758523653564e+24,3.0360335897205267e-05,4.7653956831274944e-12,1.0,9.820302293385641,1364325455790.1267,1.0,1.7793298587906326e+16,1.0,48885.59572257291,721859.8357952569,0.32966723552728944,-0.0034227715659949825,1/r,divergente,0.00030360335897205266,True,1.5287558266079385e-09,54628.390957184834,não calculada,perfil prescrito truncado; singular,136.7971154548272,372.944473259511,533517136257.60376,5.301724741311651,0.20427944858955455,335949876202.46936,10.763595498629035,0.00711824730402461,135730151981.76846,10.116771430387358,0.01,166772718146.15167
0.0037650487225944812,2.248562398107876e+22,5.949714376018921e+24,3.339636948692579e-05,5.241935251440244e-12,1.0,9.820302293385641,1500758001369.1396,1.0,1.9565869914228216e+16,1.0,53755.68641380766,745332.7458043775,0.32955401041961,-0.0037650487225944812,1/r,divergente,0.00033396369486925795,True,2.0340751565550153e-09,54609.62868789657,não calculada,perfil prescrito truncado; singular,150.44024480021417,410.23892058546215,550431079772.6512,5.391656808822823,0.22470739344851004,336646032934.7281,10.771203139027252,0.007830072034427071,135723708564.37833,10.12678803576398,0.011000000000000001,166781676493.1493
0.004327602396806014,2.5845307034204876e+22,5.946354692965796e+24,3.8386278448117084e-05,6.0251575024512766e-12,1.0,9.820302293385641,1724993327383.9358,1.0,2.2476545353303548e+16,1.0,61752.686675828285,781034.27408257,0.32936791795299364,-0.004327602396806014,1/r,divergente,0.00038386278448117084,True,3.0871088651804733e-09,54578.7917380121,não calculada,perfil prescrito truncado; singular,172.86357160718302,471.5346511546258,578204669856.3235,5.539465723418453,0.2582819841432746,337788998137.82574,10.783706766498677,0.009000000000000001,135713058439.8356,10.143250946154284,0.012643561842690491,166796301214.28613
0.004808447107562237,2.8717007815783194e+22,5.943482992184217e+24,4.265142049790787e-05,6.694619447168085e-12,1.0,9.820302293385641,1916659252648.8176,1.0,2.49618382538216e+16,1.0,68580.96017888666,809203.3254138224,0.32920885476953915,-0.004808447107562237,1/r,divergente,0.0004265142049790787,True,4.232672144458771e-09,54552.43374778372,não calculada,perfil prescrito truncado; singular,192.02998823009696,523.9273901718063,601919086735.7616,5.665805907553846,0.2869799823814162,338764757565.80255,10.794394285593322,0.01,135703896099.67404,10.157322676102408,0.014048402047433878,166808704288.07718
0.005289291818318461,3.1588708597361516e+22,5.940611291402639e+24,4.691656254769866e-05,7.364081391884894e-12,1.0,9.820302293385641,2108325177913.6995,1.0,2.7444719037056428e+16,1.0,75402.6064564265,835580.5079922394,0.3290497915860847,-0.005289291818318461,1/r,divergente,0.0004691656254769866,True,5.630964607184079e-09,54526.07575755534,não calculada,perfil prescrito truncado; singular,211.1964048530109,576.320129188987,625610317685.6158,5.792146091689239,0.3156779806195578,339739416443.91406,10.805081804687969,0.011000000000000001,135694679279.22873,10.171394406050535,0.015453242252177268,166821017536.30963
0.01,5.9722e+22,5.912478e+24,8.870102871846099e-05,1.3922622621010986e-11,1.0,9.820302293385641,3986025445999.9995,1.0,5.164127583419988e+16,1.0,141881.9770001325,1036152.4119750068,0.3274914917380428,-0.01,1/r,divergente,0.0008870102871846099,True,3.787290460233886e-08,54267.853513566806,não calculada,perfil prescrito truncado; singular,398.964708380948,1089.5979064588787,856480808083.285,7.029867388749475,0.5968246628523443,349229687042.7852,10.909784596493354,0.02079673494645083,135601503267.5488,10.309251414590362,0.029216089380165955,166936896617.37625
0.01540247204697742,9.198664355895856e+22,5.880213356441041e+24,0.00013662151153742369,2.144428057407372e-11,1.0,9.820302293385641,6139464551055.57,1.0,7.910608218192114e+16,1.0,217340.77278701248,1200281.4241925648,0.3257043567585098,-0.01540247204697742,1/r,divergente,0.001366215115374237,True,1.3763327631838044e-07,53971.71153209558,não calculada,perfil prescrito truncado; singular,614.3066425433708,1678.2501296677995,1118514991134.25,8.449347104202714,0.9192575186529954,359983564540.92847,11.02986291256667,0.03203211286811074,135488207483.0746,10.467352618569098,0.045,167059179394.6158
0.01711385782997491,1.0220738173217618e+23,5.869992618267824e+24,0.0001518016794860263,2.3826978415637466e-11,1.0,9.820302293385641,6821627278950.634,1.0,8.77428306235446e+16,1.0,241070.00024516246,1245459.814720307,0.3251382312201127,-0.01711385782997491,1/r,divergente,0.001518016794860263,True,1.884692016161856e-07,53877.90018565426,não calculada,perfil prescrito truncado; singular,682.5222892703056,1864.722366297555,1200911295083.0112,8.899007441758581,1.0213972429477727,363361184338.7583,11.067901114557761,0.03559123652012305,135450883497.54059,10.517435645452204,0.049999999999999996,167095551018.94263
0.018825243612972404,1.124281199053938e+23,5.859771880094607e+24,0.00016698184743462897,2.620967625720122e-11,1.0,9.820302293385641,7503790006845.697,1.0,9.634902390435906e+16,1.0,264715.2782441198,1288724.154253677,0.3245721056817156,-0.018825243612972404,1/r,divergente,0.0016698184743462897,True,2.5041572693854914e-07,53784.088839212935,não calculada,perfil prescrito truncado; singular,750.7379359972404,2051.194602927311,1283013894487.654,9.348667779314448,1.1235369672425501,366724863073.9578,11.105939316548852,0.03915036017213535,135412869390.57635,10.567518672335309,0.055,167130784790.47748
0.021638011984030068,1.2922653517102438e+23,5.842973464828976e+24,0.00019193139224058542,3.0125787512256385e-11,1.0,9.820302293385641,8624966636919.68,1.0,1.1042745588365648e+17,1.0,303395.3807096311,1354539.3205953436,0.3236416433486335,-0.021638011984030068,1/r,divergente,0.0019193139224058541,True,3.7917968473242976e-07,53629.904089790565,não calculada,perfil prescrito truncado; singular,862.8545700320848,2357.673255773129,1417316541877.764,10.087712352292595,1.291409920716373,372222991129.8197,11.168457453905962,0.045000000000000005,135348891615.29388,10.649833224286825,0.06321780921345245,167186221768.8995
0.024042235537811187,1.4358503907891598e+23,5.828614960921084e+24,0.00021325710248953935,3.3473097235840424e-11,1.0,9.820302293385641,9583296263244.088,1.0,1.2239561810247526e+17,1.0,336277.5753765172,1406518.0434057044,0.32284632743136127,-0.024042235537811187,1/r,divergente,0.0021325710248953937,True,5.18858559415174e-07,53498.114138648685,não calculada,perfil prescrito truncado; singular,958.6866531466545,2619.636950859032,1531483299653.8687,10.719413272969557,1.4348999119070809,376892683795.287,11.221895049379198,0.05,135292728660.58488,10.720191874027455,0.07024201023716939,167231170281.7371
0.02644645909159231,1.579435429868076e+23,5.814256457013193e+24,0.0002345828127384933,3.6820406959424475e-11,1.0,9.820302293385641,10541625889568.498,1.0,1.3430347738921864e+17,1.0,368994.0894054546,1455259.6015373974,0.32205101151408905,-0.02644645909159231,1/r,divergente,0.0023458281273849332,True,6.888994819000052e-07,53366.324187506805,não calculada,perfil prescrito truncado; singular,1054.5187362612241,2881.6006459449354,1645070409190.3557,11.351114193646522,1.5783899030977893,381534862714.1205,11.275332644852432,0.05500000000000001,135235203698.78368,10.790550523768088,0.07726621126088634,167273873155.61176
0.03080494409395484,1.8397328711791712e+23,5.788226712882083e+24,0.00027324302307484737,4.288856114814744e-11,1.0,9.820302293385641,12278929102111.14,1.0,1.5573683236740886e+17,1.0,427881.6393794289,1536905.7937848594,0.32060922691293586,-0.03080494409395484,1/r,divergente,0.002732430230748474,True,1.0838417700540024e-06,53127.409414123686,não calculada,perfil prescrito truncado; singular,1228.2474630857837,3356.500259335599,1849508363084.8315,12.49629014220551,1.8385150373059909,389880264466.7049,11.372206730486488,0.06406422573622148,135127447241.78253,10.918099860517051,0.09,167345561313.04456
0.03422771565994982,2.0441476346435235e+23,5.767785236535648e+24,0.0003036033589720526,4.765395683127493e-11,1.0,9.820302293385641,13643254557901.268,1.0,1.7242978119528458e+17,1.0,473745.0545710682,1596082.9368112613,0.31947697583614165,-0.03422771565994982,1/r,divergente,0.003036033589720526,True,1.4815008458314187e-06,52939.786721241035,não calculada,perfil prescrito truncado; singular,1364.6787565396535,3729.44473259511,2008720584644.1016,13.39561081731724,2.0427944858955454,396370623872.38806,11.448283134468669,0.0711824730402461,135039686963.54149,11.018265914283262,0.09999999999999999,167396685358.6499
0.03765048722594481,2.248562398107876e+23,5.747343760189213e+24,0.00033396369486925795,5.241935251440244e-11,1.0,9.820302293385641,15007580013691.395,1.0,1.89000509379925e+17,1.0,519272.6719259389,1651715.8080860612,0.3183447247593475,-0.03765048722594481,1/r,divergente,0.0033396369486925793,True,1.9648891392001146e-06,52752.1640283584,não calculada,perfil prescrito truncado; singular,1501.110049993523,4102.389205854622,2166757988026.8972,14.294931492428972,2.2470739344851003,402805219027.55,11.52435953845085,0.0783007203442707,134949166199.57977,11.118431968049475,0.11,167443257993.08716
0.043276023968060136,2.5845307034204875e+23,5.713746929657952e+24,0.00038386278448117084,6.025157502451277e-11,1.0,9.820302293385641,17249933273839.36,1.0,2.1597001029832182e+17,1.0,593370.6297454824,1736838.546488142,0.31648380009318333,-0.043276023968060136,1/r,divergente,0.0038386278448117083,True,2.966348243708144e-06,52443.794529513645,não calculada,perfil prescrito truncado; singular,1725.3433180632119,4715.346511546258,2423950025236.4927,15.773020638385267,2.582819841432746,413259730240.20886,11.649395813165071,0.09000000000000001,134794392767.59235,11.283061071952503,0.1264356184269049,167509915381.77524
0.04808447107562237,2.8717007815783196e+23,5.685029921842169e+24,0.0004265142049790787,6.694619447168085e-11,1.0,9.820302293385641,19166592526488.176,1.0,2.3876057902653142e+17,1.0,655987.0869582421,1804495.1606404763,0.31489316825863883,-0.04808447107562237,1/r,divergente,0.004265142049790787,True,4.048613888899667e-06,52180.214627229885,não calculada,perfil prescrito truncado; singular,1917.0074842923511,5239.273901718064,2641270224235.98,17.036422479739194,2.8697998238141618,422076354385.1014,11.756271004111538,0.1,134656188723.42184,11.423778371433766,0.14048402047433878,167557145267.15646
0.05,2.9861000000000002e+23,5.67359e+24,0.00044350514359230495,6.961311310505492e-11,1.0,9.820302293385641,19930127230000.0,1.0,2.477724151049466e+17,1.0,680746.8573238682,1830335.9002621952,0.31425951227387944,-0.05,1/r,divergente,0.004435051435923049,True,4.542835779320949e-06,52075.212967564104,não calculada,perfil prescrito truncado; singular,1993.3602539009098,5447.989532294393,2727197720322.763,17.539720678947695,2.984123314261721,425557956826.1354,11.798846603879367,0.10398367473225417,134599615276.99985,11.479835566467218,0.14608044690082977,167573458187.4848
0.05289291818318462,3.158870859736152e+23,5.656312914026385e+24,0.0004691656254769866,7.364081391884895e-11,1.0,9.820302293385641,21083251779136.996,1.0,2.6130993602644147e+17,1.0,717940.8216192127,1868294.1644188385,0.3133025364240944,-0.05289291818318462,1/r,divergente,0.0046916562547698664,True,5.361484915219995e-06,51916.634724946125,não calculada,perfil prescrito truncado; singular,2108.671650521491,5763.201291889871,2856271830277.0,18.299824321093126,3.1567798061955785,430782923543.4588,11.863146195058007,0.11000000000000001,134512536650.8823,11.564495670915026,0.15453242252177268,167595392596.68628
0.1,5.9722000000000005e+23,5.37498e+24,0.0008870102871846099,1.3922622621010985e-10,1.0,9.820302293385641,39860254460000.0,1.0,4.694631957829254e+17,1.0,1289836.1454557525,2372565.9013062,0.2977195379436753,-0.1,1/r,divergente,0.008870102871846098,True,3.4429913274853514e-05,49334.41228506073,não calculada,perfil prescrito truncado; singular,3986.3546858008617,10895.979064588786,4839963600401.967,30.67703729169548,5.968246628523442,510258464561.6355,12.91017411311188,0.20796734946450834,132817088898.85445,12.94306575631329,0.29216089380165955,167495036726.78296
0.25,1.49305e+24,4.4791500000000004e+24,0.002217525717961525,3.480655655252747e-10,1.0,9.820302293385641,99650636150000.0,1.0,9.780479150804913e+17,1.0,2687158.5946994857,3539933.217071401,0.24809961495306274,-0.25,1/r,divergente,0.02217525717961525,True,0.0004483061624329886,41112.01023755061,não calculada,perfil prescrito truncado; singular,9965.337981500717,27239.947661471964,9674059505838.602,70.08898712993881,14.920616571308605,692961124476.8855,16.244156640809422,0.5199183736612708,123935067164.69083,17.332756325851506,0.7304022345041489,161432282855.7597
0.5,2.9861e+24,2.9861e+24,0.00443505143592305,6.961311310505494e-10,1.0,9.820302293385641,199301272300000.0,1.0,1.3040637047885358e+18,1.0,3582877.959599317,6371000.0,0.16539974330204182,-0.5,1/r,divergente,0.0443505143592305,True,0.002390966199642606,27408.00682503374,não calculada,perfil prescrito truncado; singular,19930.310141000475,54479.89532294393,12716880232229.771,135.7755701936777,29.84123314261721,759469346698.1338,21.80079418697199,1.0398367473225416,97350222275.32582,24.648907275081864,1.4608044690082977,131902728107.66275
